{
	"type" : "FeatureCollection",
	"name" : "Yarra permit parking zones",
	"features" : [
		{
			"type" : "Feature",
			"geometry" : {
				"type" : "Polygon",
				"coordinates" : [
					[
						[ 145.001074137, -37.8260198336 ],
						[ 144.9997738325, -37.8338186309 ],
						[ 145.0001615038, -37.8337159443 ],
						[ 145.0003219798, -37.8336483544 ],
						[ 145.0005530156, -37.8335597576 ],
						[ 145.0007828525, -37.83351555 ],
						[ 145.0010115908, -37.8335120324 ],
						[ 145.0013275483, -37.8335618068 ],
						[ 145.0019063636, -37.8337270669 ],
						[ 145.0023963645, -37.8338982189 ],
						[ 145.0026627906, -37.8340544734 ],
						[ 145.0028587576, -37.8342280363 ],
						[ 145.0029259259, -37.8343327991 ],
						[ 145.0029989555, -37.8343932512 ],
						[ 145.0032666814, -37.8345014157 ],
						[ 145.0034530468, -37.8345119781 ],
						[ 145.003602897, -37.8344923143 ],
						[ 145.0037764667, -37.8344582491 ],
						[ 145.0039415056, -37.8343944324 ],
						[ 145.0040887852, -37.8342970069 ],
						[ 145.0041950843, -37.8341618782 ],
						[ 145.0042518725, -37.833959295 ],
						[ 145.0042783046, -37.8336710779 ],
						[ 145.0042615638, -37.833426539 ],
						[ 145.0042334014, -37.8332595241 ],
						[ 145.004119414, -37.8329874307 ],
						[ 145.0040427394, -37.8327159699 ],
						[ 145.0039568371, -37.8324406517 ],
						[ 145.0038733061, -37.8322504928 ],
						[ 145.0038135165, -37.8318719938 ],
						[ 145.0038042108, -37.8316978968 ],
						[ 145.0038260571, -37.8315798405 ],
						[ 145.0038940442, -37.8314810706 ],
						[ 145.0040228615, -37.8313759304 ],
						[ 145.0042213381, -37.8312830734 ],
						[ 145.0043960961, -37.8312046174 ],
						[ 145.0046212597, -37.8311603229 ],
						[ 145.0049478334, -37.8311621566 ],
						[ 145.0051574107, -37.8311768104 ],
						[ 145.0057135946, -37.8313157623 ],
						[ 145.0061710413, -37.8314826462 ],
						[ 145.0067821019, -37.8316632318 ],
						[ 145.0069955487, -37.8317075545 ],
						[ 145.0072004642, -37.8317221257 ],
						[ 145.0073585411, -37.8317433055 ],
						[ 145.0075485692, -37.8317909317 ],
						[ 145.0076405548, -37.8318405993 ],
						[ 145.0079437001, -37.8320196684 ],
						[ 145.0082914971, -37.8322735089 ],
						[ 145.0084096772, -37.8323902342 ],
						[ 145.0085672475, -37.8326038474 ],
						[ 145.0086693476, -37.8327980179 ],
						[ 145.0088148066, -37.8331150494 ],
						[ 145.0089355643, -37.8333095353 ],
						[ 145.0090579138, -37.8334448346 ],
						[ 145.0091812582, -37.8335431422 ],
						[ 145.0093288183, -37.8336085516 ],
						[ 145.0094589154, -37.8336292555 ],
						[ 145.0095756169, -37.8336275278 ],
						[ 145.0096788233, -37.8336070676 ],
						[ 145.009773795, -37.8335457589 ],
						[ 145.0099881517, -37.8333828447 ],
						[ 145.0102332748, -37.8331168267 ],
						[ 145.0103651672, -37.8328970054 ],
						[ 145.0104061566, -37.8327607671 ],
						[ 145.0104770247, -37.8323807783 ],
						[ 145.0105316145, -37.8320856337 ],
						[ 145.0105792607, -37.8317015515 ],
						[ 145.0106143926, -37.8316096242 ],
						[ 145.0106726454, -37.8315254892 ],
						[ 145.0108017516, -37.8314092438 ],
						[ 145.0110067718, -37.8312461699 ],
						[ 145.0112966359, -37.8310512212 ],
						[ 145.011551964, -37.8309260045 ],
						[ 145.0119062264, -37.8307654495 ],
						[ 145.0123028596, -37.8305908054 ],
						[ 145.0125049956, -37.8305350044 ],
						[ 145.0127720288, -37.8304951019 ],
						[ 145.0129586839, -37.8304945515 ],
						[ 145.0130982039, -37.8305117096 ],
						[ 145.0134597059, -37.8306029292 ],
						[ 145.0139365171, -37.830744204 ],
						[ 145.0142368945, -37.8308528943 ],
						[ 145.0146555602, -37.831074604 ],
						[ 145.0149217061, -37.8312419288 ],
						[ 145.0152258588, -37.8313839879 ],
						[ 145.0155281295, -37.8315963305 ],
						[ 145.0156892872, -37.8316767645 ],
						[ 145.0160626103, -37.831849594 ],
						[ 145.0164675925, -37.8320599642 ],
						[ 145.0165266394, -37.8321201725 ],
						[ 145.016679462, -37.8321634563 ],
						[ 145.0169812361, -37.8322203515 ],
						[ 145.0171261177, -37.8322116892 ],
						[ 145.0172527394, -37.8321879159 ],
						[ 145.0174417757, -37.8320985782 ],
						[ 145.0178718439, -37.8318948716 ],
						[ 145.0184707041, -37.8316606968 ],
						[ 145.0188030346, -37.8316218797 ],
						[ 145.0192373787, -37.831606983 ],
						[ 145.019877646, -37.8317435821 ],
						[ 145.0204053864, -37.8319004907 ],
						[ 145.0206138826, -37.8319558081 ],
						[ 145.0210265084, -37.8320552659 ],
						[ 145.0213734437, -37.8321684216 ],
						[ 145.0217516449, -37.8323339135 ],
						[ 145.0220220808, -37.8325160979 ],
						[ 145.0221812721, -37.832670507 ],
						[ 145.022256906, -37.8328087089 ],
						[ 145.0223553878, -37.8331397385 ],
						[ 145.0224826669, -37.8336155846 ],
						[ 145.0225578083, -37.8337722822 ],
						[ 145.0226741372, -37.8339592783 ],
						[ 145.0228104071, -37.8340984983 ],
						[ 145.022971381, -37.834186321 ],
						[ 145.0231653007, -37.8342635943 ],
						[ 145.023415092, -37.8343455061 ],
						[ 145.0237681868, -37.8344032456 ],
						[ 145.0241868768, -37.8344509824 ],
						[ 145.0245731154, -37.8344907715 ],
						[ 145.0246753025, -37.8344576541 ],
						[ 145.0247808928, -37.8344041872 ],
						[ 145.0250639122, -37.8342843567 ],
						[ 145.0253005731, -37.8341587969 ],
						[ 145.0256007274, -37.8339269769 ],
						[ 145.0263099811, -37.8334022466 ],
						[ 145.0266540775, -37.8330971435 ],
						[ 145.0271560274, -37.8326466508 ],
						[ 145.0274494033, -37.8323184902 ],
						[ 145.0277753263, -37.8319945749 ],
						[ 145.0280355563, -37.8316843618 ],
						[ 145.0282715777, -37.8314070503 ],
						[ 145.0283549033, -37.8312567109 ],
						[ 145.0283715541, -37.8311570669 ],
						[ 145.0283647865, -37.8310607314 ],
						[ 145.0283155509, -37.830982189 ],
						[ 145.0279733373, -37.830691492 ],
						[ 145.0275105539, -37.8303728682 ],
						[ 145.0269688821, -37.8300381171 ],
						[ 145.0265090954, -37.829782454 ],
						[ 145.0260530885, -37.8295601601 ],
						[ 145.0256703256, -37.8293909047 ],
						[ 145.0251036736, -37.8291186406 ],
						[ 145.0246991746, -37.8288898039 ],
						[ 145.0243651286, -37.8286436438 ],
						[ 145.0242276811, -37.8285488161 ],
						[ 145.0241625852, -37.8285403219 ],
						[ 145.0240010297, -37.8284746962 ],
						[ 145.0233612513, -37.8281456838 ],
						[ 145.0231904686, -37.8280762012 ],
						[ 145.0230580824, -37.8279666537 ],
						[ 145.023009348, -37.8278696133 ],
						[ 145.0229054387, -37.8277420396 ],
						[ 145.0228566059, -37.8276486983 ],
						[ 145.0227294544, -37.8273430934 ],
						[ 145.0226206626, -37.8270488993 ],
						[ 145.0225955441, -37.8269411528 ],
						[ 145.0225406437, -37.8267255815 ],
						[ 145.0225264872, -37.8265649042 ],
						[ 145.0222886833, -37.8265453017 ],
						[ 145.0222036333, -37.826538285 ],
						[ 145.0220985916, -37.8265296267 ],
						[ 145.0216790334, -37.8264950517 ],
						[ 145.0212890085, -37.8264629016 ],
						[ 145.0211902085, -37.8264547683 ],
						[ 145.0210588676, -37.8264473515 ],
						[ 145.0208237169, -37.8264422183 ],
						[ 145.0206219836, -37.8264484182 ],
						[ 145.0204321753, -37.8264611849 ],
						[ 145.020089142, -37.8265065015 ],
						[ 145.0199231337, -37.8265324682 ],
						[ 145.019789392, -37.8265589599 ],
						[ 145.0196242337, -37.8266000515 ],
						[ 145.0194647337, -37.8266397265 ],
						[ 145.0181573423, -37.8269750097 ],
						[ 145.0171860424, -37.8272240764 ],
						[ 145.0165551675, -37.827385943 ],
						[ 145.0162671092, -37.8274545263 ],
						[ 145.0161410351, -37.8274753568 ],
						[ 145.0159028343, -37.8275090679 ],
						[ 145.0157289676, -37.8275285013 ],
						[ 145.0153011594, -37.8275468346 ],
						[ 145.0151529511, -37.8275411429 ],
						[ 145.0149275594, -37.8275277595 ],
						[ 145.0141084096, -37.8274454595 ],
						[ 145.0139514013, -37.8274296845 ],
						[ 145.0136644597, -37.8273984428 ],
						[ 145.0129893848, -37.8273249427 ],
						[ 145.0115750434, -37.827170126 ],
						[ 145.0109560268, -37.8271034676 ],
						[ 145.0103119353, -37.8270348509 ],
						[ 145.0094641855, -37.8269389675 ],
						[ 145.0082659607, -37.8268030591 ],
						[ 145.0070652359, -37.826670909 ],
						[ 145.0054433279, -37.8264948505 ],
						[ 145.0039074032, -37.8263288254 ],
						[ 145.0031900783, -37.8262513337 ],
						[ 145.0024481368, -37.826171067 ],
						[ 145.0017305452, -37.8260920836 ],
						[ 145.001074137, -37.8260198336 ]
					]
				]
			},
			"properties" : {
				"zone_id" : 1,
				"zone" : "Area 12"
			}
		},
		{
			"type" : "Feature",
			"geometry" : {
				"type" : "Polygon",
				"coordinates" : [
					[
						[ 144.991779449, -37.8071477161 ],
						[ 144.9917199906, -37.8075095661 ],
						[ 144.9916139989, -37.8081547828 ],
						[ 144.9913779009, -37.8095919426 ],
						[ 144.9928573819, -37.8097468579 ],
						[ 144.9931524485, -37.8097776496 ],
						[ 144.9934456151, -37.8098082496 ],
						[ 144.9937951317, -37.809844733 ],
						[ 144.9938751567, -37.8098530913 ],
						[ 144.9945540316, -37.8099239414 ],
						[ 144.9947474982, -37.809944133 ],
						[ 144.9952713648, -37.8099988081 ],
						[ 144.995788323, -37.8100527498 ],
						[ 144.9960461063, -37.8100796581 ],
						[ 144.9965770729, -37.8101350498 ],
						[ 144.9970265311, -37.8101819499 ],
						[ 144.9971757394, -37.8101975165 ],
						[ 144.997774431, -37.8102599916 ],
						[ 144.9980022893, -37.8102837666 ],
						[ 144.9983746725, -37.810322625 ],
						[ 144.9990793891, -37.8103959333 ],
						[ 144.9994382973, -37.81043225 ],
						[ 145.0006505638, -37.8105549168 ],
						[ 145.001446797, -37.8106354835 ],
						[ 145.0015380719, -37.8106447168 ],
						[ 145.0016607719, -37.8106571252 ],
						[ 145.0023415301, -37.8107260002 ],
						[ 145.0029663967, -37.8107873003 ],
						[ 145.0032172133, -37.8108119086 ],
						[ 145.0034130966, -37.810831067 ],
						[ 145.0040223881, -37.8108906837 ],
						[ 145.0041350965, -37.8109017087 ],
						[ 145.0042477964, -37.8109127337 ],
						[ 145.0044344964, -37.8109310004 ],
						[ 145.0047054464, -37.8109575087 ],
						[ 145.0051243963, -37.8109984838 ],
						[ 145.0054795712, -37.8110332421 ],
						[ 145.0059522795, -37.8110794755 ],
						[ 145.0062900794, -37.8111125172 ],
						[ 145.006424021, -37.8111256088 ],
						[ 145.0070986959, -37.8111916089 ],
						[ 145.0072403709, -37.8112054672 ],
						[ 145.0073720875, -37.8112183422 ],
						[ 145.008486204, -37.811327309 ],
						[ 145.0088611206, -37.8113639673 ],
						[ 145.0096627121, -37.8114423591 ],
						[ 145.0097796621, -37.8114287841 ],
						[ 145.0101129287, -37.8113898424 ],
						[ 145.0130119282, -37.8117038426 ],
						[ 145.0141649279, -37.8119878427 ],
						[ 145.0153979277, -37.8121298428 ],
						[ 145.0154169277, -37.8120568428 ],
						[ 145.0154399277, -37.8119908428 ],
						[ 145.0156119277, -37.8115318428 ],
						[ 145.0158209278, -37.8109248428 ],
						[ 145.0158399278, -37.8108038428 ],
						[ 145.0158129278, -37.8107038428 ],
						[ 145.0156889278, -37.8105668428 ],
						[ 145.0155599279, -37.8105058428 ],
						[ 145.0153529279, -37.8104888428 ],
						[ 145.0141459281, -37.8105468427 ],
						[ 145.0130909283, -37.8105978426 ],
						[ 145.0125269284, -37.8106048426 ],
						[ 145.0118809285, -37.8105908425 ],
						[ 145.0100169288, -37.8104778424 ],
						[ 145.0094619289, -37.8104378424 ],
						[ 145.009302929, -37.8103128424 ],
						[ 145.009228929, -37.8101758424 ],
						[ 145.009121929, -37.8098518424 ],
						[ 145.0090479291, -37.8094258423 ],
						[ 145.0090109292, -37.8088948423 ],
						[ 145.0089919292, -37.8088158423 ],
						[ 145.0089589293, -37.8079338423 ],
						[ 145.0088399293, -37.8077538423 ],
						[ 145.0085519294, -37.8076028423 ],
						[ 145.0077769296, -37.8072848422 ],
						[ 145.0072439297, -37.8071898422 ],
						[ 145.0067029298, -37.8071708422 ],
						[ 145.0060569299, -37.8071728421 ],
						[ 145.0043749301, -37.807264842 ],
						[ 145.0023509305, -37.8072218419 ],
						[ 145.0015649306, -37.8072558418 ],
						[ 145.0012199307, -37.8072208418 ],
						[ 145.0007079308, -37.8072098418 ],
						[ 145.0004109309, -37.8070738417 ],
						[ 145.0000435345, -37.8066610282 ],
						[ 144.9993047627, -37.8054735564 ],
						[ 144.9980296821, -37.8055073213 ],
						[ 144.9973628563, -37.8054698161 ],
						[ 144.9966714845, -37.8054253479 ],
						[ 144.9921358742, -37.8049778828 ],
						[ 144.991779449, -37.8071477161 ]
					]
				]
			},
			"properties" : {
				"zone_id" : 2,
				"zone" : "Area 38"
			}
		},
		{
			"type" : "Feature",
			"geometry" : {
				"type" : "Polygon",
				"coordinates" : [
					[
						[ 145.0106600444, -37.8197384342 ],
						[ 145.0111496109, -37.8197895092 ],
						[ 145.0125807357, -37.8199366927 ],
						[ 145.0127729273, -37.8199588427 ],
						[ 145.0132934439, -37.8200317927 ],
						[ 145.0143857187, -37.8202001178 ],
						[ 145.0144900353, -37.8202069845 ],
						[ 145.014592927, -37.8202038428 ],
						[ 145.0149100102, -37.8201523761 ],
						[ 145.0149961436, -37.8201376845 ],
						[ 145.0152661604, -37.8200916665 ],
						[ 145.0152670156, -37.8200915111 ],
						[ 145.0152392582, -37.8199881261 ],
						[ 145.0150614209, -37.8195418233 ],
						[ 145.0150238181, -37.8193711164 ],
						[ 145.0148923998, -37.818897715 ],
						[ 145.0148242217, -37.8185564195 ],
						[ 145.0147933434, -37.8182659384 ],
						[ 145.0147258149, -37.8180316046 ],
						[ 145.0145407072, -37.8174476702 ],
						[ 145.0144707932, -37.8169196709 ],
						[ 145.0144281146, -37.8166062223 ],
						[ 145.0144046286, -37.8163585522 ],
						[ 145.0143903884, -37.8160590897 ],
						[ 145.0143982912, -37.8157641565 ],
						[ 145.0143852501, -37.8155177015 ],
						[ 145.0144234003, -37.8152180835 ],
						[ 145.0144395479, -37.8149575752 ],
						[ 145.0145300608, -37.8147076715 ],
						[ 145.0146427991, -37.8144591814 ],
						[ 145.0149851033, -37.8137075456 ],
						[ 145.0150259286, -37.8135523888 ],
						[ 145.0151006459, -37.8133053352 ],
						[ 145.0151580395, -37.8130694181 ],
						[ 145.0152430851, -37.8127300705 ],
						[ 145.0153266541, -37.8123969316 ],
						[ 145.0153978544, -37.8121301096 ],
						[ 145.0141651613, -37.8119877594 ],
						[ 145.0131851781, -37.8117467926 ],
						[ 145.0130119698, -37.8117042093 ],
						[ 145.010112862, -37.8113901758 ],
						[ 145.0097796621, -37.8114287841 ],
						[ 145.0096914204, -37.8119169924 ],
						[ 145.0092288452, -37.8144669257 ],
						[ 145.0092057868, -37.8145981091 ],
						[ 145.0090777201, -37.8153271174 ],
						[ 145.0090521618, -37.8154725924 ],
						[ 145.0089578117, -37.8160068757 ],
						[ 145.0089016096, -37.8163227988 ],
						[ 145.0088370117, -37.8166768174 ],
						[ 145.0088208367, -37.816764459 ],
						[ 145.0087761033, -37.8168843674 ],
						[ 145.008723845, -37.8170244174 ],
						[ 145.0086735033, -37.817320484 ],
						[ 145.0085813616, -37.8178621674 ],
						[ 145.0083986948, -37.818930759 ],
						[ 145.0082979448, -37.8194904507 ],
						[ 145.0098967278, -37.8196575008 ],
						[ 145.0100135028, -37.8196698925 ],
						[ 145.0106600444, -37.8197384342 ]
					]
				]
			},
			"properties" : {
				"zone_id" : 3,
				"zone" : "Area 3"
			}
		},
		{
			"type" : "Feature",
			"geometry" : {
				"type" : "Polygon",
				"coordinates" : [
					[
						[ 145.0106600444, -37.8197384342 ],
						[ 145.0102908942, -37.8218537258 ],
						[ 145.0101134524, -37.8228688842 ],
						[ 145.0099870441, -37.8235979425 ],
						[ 145.0100422857, -37.8236042258 ],
						[ 145.0099985357, -37.8238625758 ],
						[ 145.0099638107, -37.8240675092 ],
						[ 145.0098840113, -37.8245145754 ],
						[ 145.0097916277, -37.8250405155 ],
						[ 145.0095703188, -37.8263003925 ],
						[ 145.0094726688, -37.8268491175 ],
						[ 145.0094641855, -37.8269389675 ],
						[ 145.0103119353, -37.8270348509 ],
						[ 145.0109560268, -37.8271034676 ],
						[ 145.0115750434, -37.827170126 ],
						[ 145.0129893848, -37.8273249427 ],
						[ 145.0136644597, -37.8273984428 ],
						[ 145.0139514013, -37.8274296845 ],
						[ 145.0141084096, -37.8274454595 ],
						[ 145.0149275594, -37.8275277595 ],
						[ 145.0151529511, -37.8275411429 ],
						[ 145.0153011594, -37.8275468346 ],
						[ 145.0157289676, -37.8275285013 ],
						[ 145.0159028343, -37.8275090679 ],
						[ 145.0161091926, -37.8274806179 ],
						[ 145.0162671092, -37.8274545263 ],
						[ 145.0165551675, -37.827385943 ],
						[ 145.0171860424, -37.8272240764 ],
						[ 145.0181573423, -37.8269750097 ],
						[ 145.0194647337, -37.8266397265 ],
						[ 145.0196242337, -37.8266000515 ],
						[ 145.019789392, -37.8265589599 ],
						[ 145.0199231337, -37.8265324682 ],
						[ 145.020089142, -37.8265065015 ],
						[ 145.0204321753, -37.8264611849 ],
						[ 145.0206219836, -37.8264484182 ],
						[ 145.0208237169, -37.8264422183 ],
						[ 145.0210292085, -37.8264456766 ],
						[ 145.0211902085, -37.8264547683 ],
						[ 145.0212890085, -37.8264629016 ],
						[ 145.0220985916, -37.8265296267 ],
						[ 145.0222036333, -37.826538285 ],
						[ 145.0222886833, -37.8265453017 ],
						[ 145.0225264872, -37.8265649042 ],
						[ 145.0225017757, -37.8263974513 ],
						[ 145.0224088308, -37.8261923602 ],
						[ 145.0223044533, -37.826020534 ],
						[ 145.0222366404, -37.8259273882 ],
						[ 145.0220180915, -37.8255556899 ],
						[ 145.0217492566, -37.8253560075 ],
						[ 145.0215937594, -37.8252558119 ],
						[ 145.0214301939, -37.8251945136 ],
						[ 145.0212591552, -37.8251498179 ],
						[ 145.0211291606, -37.8251476332 ],
						[ 145.0209209039, -37.8251803778 ],
						[ 145.0206625663, -37.8252457371 ],
						[ 145.0203998212, -37.8253444788 ],
						[ 145.0201303465, -37.8254319543 ],
						[ 145.0198021243, -37.8256132359 ],
						[ 145.0197346249, -37.8256399815 ],
						[ 145.0195954421, -37.8257184948 ],
						[ 145.0191180895, -37.8259558156 ],
						[ 145.0188477168, -37.82607673 ],
						[ 145.0185743517, -37.8261780769 ],
						[ 145.0184012998, -37.8262086214 ],
						[ 145.0182576226, -37.8261922627 ],
						[ 145.0180166139, -37.8261352323 ],
						[ 145.0177522049, -37.8260331982 ],
						[ 145.017607103, -37.8259387485 ],
						[ 145.0173165275, -37.8257637827 ],
						[ 145.0170847111, -37.8256260509 ],
						[ 145.0170478543, -37.8255585162 ],
						[ 145.0168689634, -37.8254133111 ],
						[ 145.016635874, -37.8251919146 ],
						[ 145.0165197775, -37.8250644952 ],
						[ 145.0164492803, -37.8249406321 ],
						[ 145.0162862365, -37.8247287791 ],
						[ 145.0161412081, -37.8245005011 ],
						[ 145.0161031529, -37.8243465154 ],
						[ 145.0160684564, -37.8240671228 ],
						[ 145.0160299482, -37.8237988182 ],
						[ 145.016014759, -37.8234472642 ],
						[ 145.0159760328, -37.8233183599 ],
						[ 145.0159429098, -37.8231114838 ],
						[ 145.0159343797, -37.8229050221 ],
						[ 145.0159121753, -37.8228154293 ],
						[ 145.0158892938, -37.8226198781 ],
						[ 145.0158616304, -37.8224716436 ],
						[ 145.0158447306, -37.8223152263 ],
						[ 145.0158232728, -37.8221977653 ],
						[ 145.0158117523, -37.8219717366 ],
						[ 145.0157573219, -37.8216418258 ],
						[ 145.015713138, -37.8214542797 ],
						[ 145.015576333, -37.8210504904 ],
						[ 145.0155124146, -37.8208124262 ],
						[ 145.0154313041, -37.8205601318 ],
						[ 145.0152903917, -37.8201785776 ],
						[ 145.0152670156, -37.8200915111 ],
						[ 145.0152661604, -37.8200916665 ],
						[ 145.0149961436, -37.8201376845 ],
						[ 145.0149100102, -37.8201523761 ],
						[ 145.014592927, -37.8202038428 ],
						[ 145.0144900353, -37.8202069845 ],
						[ 145.0143857187, -37.8202001178 ],
						[ 145.0132934439, -37.8200317927 ],
						[ 145.0127729273, -37.8199588427 ],
						[ 145.0125807357, -37.8199366927 ],
						[ 145.0111496109, -37.8197895092 ],
						[ 145.0106600444, -37.8197384342 ]
					]
				]
			},
			"properties" : {
				"zone_id" : 4,
				"zone" : "Area 8"
			}
		},
		{
			"type" : "Feature",
			"geometry" : {
				"type" : "Polygon",
				"coordinates" : [
					[
						[ 145.0019486296, -37.7966487328 ],
						[ 145.0020054078, -37.7965769665 ],
						[ 145.0020537038, -37.7965093771 ],
						[ 145.0020974043, -37.7964449583 ],
						[ 145.0040209314, -37.7962048419 ],
						[ 145.0041183767, -37.796732686 ],
						[ 145.0042079312, -37.7977908419 ],
						[ 145.0044659311, -37.798042842 ],
						[ 145.0048959311, -37.798097842 ],
						[ 145.005428931, -37.797898842 ],
						[ 145.0056820276, -37.7977227758 ],
						[ 145.0059521453, -37.7975348673 ],
						[ 145.0061987484, -37.797393818 ],
						[ 145.0066059309, -37.7971828421 ],
						[ 145.0085849306, -37.7962748422 ],
						[ 145.0092169305, -37.7963398423 ],
						[ 145.0095229304, -37.7965188423 ],
						[ 145.0096139304, -37.7968368423 ],
						[ 145.0093649304, -37.7971418423 ],
						[ 145.0088839304, -37.7975428423 ],
						[ 145.0080729305, -37.7980148422 ],
						[ 145.0076012104, -37.7981849479 ],
						[ 145.0070789306, -37.7983998421 ],
						[ 145.0067719307, -37.7986708421 ],
						[ 145.0065259306, -37.7992218421 ],
						[ 145.0064339306, -37.7997598421 ],
						[ 145.0064619305, -37.8002838421 ],
						[ 145.0067009305, -37.8007088421 ],
						[ 145.0070839304, -37.8009098422 ],
						[ 145.0075659303, -37.8008708422 ],
						[ 145.007695769, -37.8008183879 ],
						[ 145.007940931, -37.8007193428 ],
						[ 145.0083159302, -37.8005678422 ],
						[ 145.0087173323, -37.8004060928 ],
						[ 145.0092149603, -37.8001955627 ],
						[ 145.00965493, -37.7999963423 ],
						[ 145.01003893, -37.7997753424 ],
						[ 145.01035093, -37.7995503424 ],
						[ 145.0105664301, -37.7993598425 ],
						[ 145.0107859299, -37.7991578424 ],
						[ 145.0109109299, -37.7990798424 ],
						[ 145.0110684299, -37.7990413424 ],
						[ 145.0113732693, -37.799028109 ],
						[ 145.0118524295, -37.7990723431 ],
						[ 145.0123314703, -37.7991347242 ],
						[ 145.0128872545, -37.7992410347 ],
						[ 145.0133990889, -37.7993872133 ],
						[ 145.013883429, -37.7995713429 ],
						[ 145.0143648469, -37.7997994104 ],
						[ 145.0147319291, -37.8000458427 ],
						[ 145.0149018837, -37.8002399616 ],
						[ 145.015094929, -37.8005688427 ],
						[ 145.0152134289, -37.8009323427 ],
						[ 145.0152959289, -37.8013218427 ],
						[ 145.0153449288, -37.8017428427 ],
						[ 145.0154084287, -37.8020338427 ],
						[ 145.0155899287, -37.8023668427 ],
						[ 145.0157979286, -37.8025808428 ],
						[ 145.0160969286, -37.8027908428 ],
						[ 145.0165470409, -37.8029996741 ],
						[ 145.0170389282, -37.803165343 ],
						[ 145.0176669106, -37.803323993 ],
						[ 145.0182334277, -37.8034238437 ],
						[ 145.018742928, -37.803506343 ],
						[ 145.018974928, -37.803560843 ],
						[ 145.0192399279, -37.803637343 ],
						[ 145.0194569279, -37.803660843 ],
						[ 145.0196069279, -37.803643843 ],
						[ 145.0199067836, -37.8035508588 ],
						[ 145.0201997212, -37.8034135942 ],
						[ 145.0207839277, -37.8031398431 ],
						[ 145.0209369277, -37.8030358431 ],
						[ 145.0210509277, -37.8029198431 ],
						[ 145.0211049277, -37.8027128431 ],
						[ 145.0210589278, -37.8025408431 ],
						[ 145.0208319278, -37.8023078431 ],
						[ 145.0203007545, -37.8018182235 ],
						[ 145.0197176659, -37.8012797833 ],
						[ 145.0194154838, -37.8010265752 ],
						[ 145.0190985824, -37.8008065167 ],
						[ 145.0188089283, -37.800634343 ],
						[ 145.0186449283, -37.800522843 ],
						[ 145.0185099284, -37.8003488429 ],
						[ 145.0184839285, -37.8002208429 ],
						[ 145.0185594285, -37.8000113429 ],
						[ 145.0187109285, -37.7998628429 ],
						[ 145.0190023759, -37.7997152783 ],
						[ 145.0193645719, -37.7995560835 ],
						[ 145.0198065712, -37.7993618105 ],
						[ 145.0202864423, -37.7991508885 ],
						[ 145.0206319282, -37.7989928431 ],
						[ 145.0207679282, -37.7989018431 ],
						[ 145.0208769282, -37.7987828431 ],
						[ 145.0209199282, -37.7986468431 ],
						[ 145.0209069282, -37.7984788431 ],
						[ 145.0208099283, -37.7983128431 ],
						[ 145.0206734283, -37.7982183431 ],
						[ 145.0204344282, -37.7981368432 ],
						[ 145.0195629285, -37.797929843 ],
						[ 145.0187249287, -37.7976958429 ],
						[ 145.0181769288, -37.7975138429 ],
						[ 145.0176984289, -37.7973133429 ],
						[ 145.017552929, -37.7972408428 ],
						[ 145.017484929, -37.7971568428 ],
						[ 145.017449429, -37.7970283428 ],
						[ 145.017427929, -37.7965898428 ],
						[ 145.0174729291, -37.7964573428 ],
						[ 145.017543929, -37.7963428428 ],
						[ 145.017668429, -37.7962578429 ],
						[ 145.0177769291, -37.7961638429 ],
						[ 145.017913929, -37.7960168429 ],
						[ 145.017964929, -37.7959118429 ],
						[ 145.017977929, -37.7958098429 ],
						[ 145.017941929, -37.7956518429 ],
						[ 145.0178174291, -37.7954953429 ],
						[ 145.0176629291, -37.7954038428 ],
						[ 145.0172619292, -37.7952968428 ],
						[ 145.0166064292, -37.7951673429 ],
						[ 145.0160129295, -37.7950128427 ],
						[ 145.015485312, -37.7947869031 ],
						[ 145.0149929297, -37.7945448427 ],
						[ 145.0147029298, -37.7944288426 ],
						[ 145.0143119298, -37.7942448426 ],
						[ 145.0141479299, -37.7941198426 ],
						[ 145.0140069299, -37.7939758426 ],
						[ 145.0139489299, -37.7938398426 ],
						[ 145.01389993, -37.7935048426 ],
						[ 145.0138507429, -37.7931318564 ],
						[ 145.0138549301, -37.7927998426 ],
						[ 145.0139269301, -37.7923728426 ],
						[ 145.0140699301, -37.7921568426 ],
						[ 145.0142998744, -37.7920925571 ],
						[ 145.01464193, -37.7920838426 ],
						[ 145.01496393, -37.7921338426 ],
						[ 145.0151911114, -37.7922006181 ],
						[ 145.0159139298, -37.7924008427 ],
						[ 145.0166179296, -37.7925798428 ],
						[ 145.0169889296, -37.7926168428 ],
						[ 145.0173409295, -37.7926338428 ],
						[ 145.0177639294, -37.7926538428 ],
						[ 145.0185239293, -37.7927898429 ],
						[ 145.0188809292, -37.7928308429 ],
						[ 145.0191429292, -37.7928498429 ],
						[ 145.0194409291, -37.792796843 ],
						[ 145.0194954291, -37.792739843 ],
						[ 145.0195819291, -37.792604343 ],
						[ 145.0196092528, -37.7924460337 ],
						[ 145.0195989291, -37.792269843 ],
						[ 145.0194389292, -37.7920308429 ],
						[ 145.0191769292, -37.7917233429 ],
						[ 145.0189419293, -37.7914528429 ],
						[ 145.0187049294, -37.7912338429 ],
						[ 145.0184954294, -37.7910548429 ],
						[ 145.0183499295, -37.7909538429 ],
						[ 145.0181954295, -37.7908493429 ],
						[ 145.0181149296, -37.7907638428 ],
						[ 145.0178199296, -37.7904328428 ],
						[ 145.0176799297, -37.7902098428 ],
						[ 145.0174169296, -37.7898983428 ],
						[ 145.0171509299, -37.7895448428 ],
						[ 145.0169869299, -37.7892868428 ],
						[ 145.01680293, -37.7890798427 ],
						[ 145.01666593, -37.7888798427 ],
						[ 145.0164429301, -37.7886248427 ],
						[ 145.0162219301, -37.7884428427 ],
						[ 145.0156119301, -37.7879208427 ],
						[ 145.0150559687, -37.7874459696 ],
						[ 145.0147614038, -37.7871691914 ],
						[ 145.0144339306, -37.7869238426 ],
						[ 145.0141349307, -37.7867318425 ],
						[ 145.0138129308, -37.7865838425 ],
						[ 145.0136769306, -37.7865018426 ],
						[ 145.0134569308, -37.7863728425 ],
						[ 145.0133374309, -37.7862968425 ],
						[ 145.0132124309, -37.7861648425 ],
						[ 145.0131279309, -37.7860228425 ],
						[ 145.013086931, -37.7859458425 ],
						[ 145.013138431, -37.7857483425 ],
						[ 145.013171931, -37.7856898425 ],
						[ 145.0133799309, -37.7855908425 ],
						[ 145.0136559309, -37.7855588425 ],
						[ 145.0138869721, -37.7855691878 ],
						[ 145.0142219068, -37.7855956917 ],
						[ 145.0145419726, -37.7856533797 ],
						[ 145.0149039306, -37.7856998428 ],
						[ 145.0155554643, -37.7857715751 ],
						[ 145.016944246, -37.7859745177 ],
						[ 145.0178289301, -37.7861648428 ],
						[ 145.0189326142, -37.7863600126 ],
						[ 145.0196689298, -37.7865148429 ],
						[ 145.0197429297, -37.7865408429 ],
						[ 145.0201161963, -37.7866822664 ],
						[ 145.0206589295, -37.786916843 ],
						[ 145.0209239295, -37.786964843 ],
						[ 145.0213319294, -37.786948843 ],
						[ 145.0217689294, -37.7868328431 ],
						[ 145.0221609293, -37.7866488431 ],
						[ 145.0223639293, -37.7865378431 ],
						[ 145.0225909292, -37.7864748431 ],
						[ 145.0230379292, -37.7864408432 ],
						[ 145.0236074291, -37.7864343433 ],
						[ 145.0239316958, -37.7864450816 ],
						[ 145.024196929, -37.7864738432 ],
						[ 145.0244123207, -37.7864962134 ],
						[ 145.0246479288, -37.7865368433 ],
						[ 145.0252139288, -37.7866998433 ],
						[ 145.0258939286, -37.7868438434 ],
						[ 145.0264679285, -37.7869608434 ],
						[ 145.0268924285, -37.7869383435 ],
						[ 145.0272089284, -37.7869058434 ],
						[ 145.0275464284, -37.7868648435 ],
						[ 145.0279104283, -37.7868323435 ],
						[ 145.0281399282, -37.7868488435 ],
						[ 145.0283519282, -37.7869088435 ],
						[ 145.0284929281, -37.7870193435 ],
						[ 145.0286789281, -37.7872138435 ],
						[ 145.0289749279, -37.7877098436 ],
						[ 145.0294239278, -37.7883583436 ],
						[ 145.0295739278, -37.7885358436 ],
						[ 145.0298799277, -37.7887938436 ],
						[ 145.0301559277, -37.7889548437 ],
						[ 145.0305109276, -37.7891808437 ],
						[ 145.0308679275, -37.7893798437 ],
						[ 145.0311614273, -37.7895458438 ],
						[ 145.0316299273, -37.7897948438 ],
						[ 145.0319619272, -37.7899428438 ],
						[ 145.0320699272, -37.7899678438 ],
						[ 145.0322389272, -37.7899768438 ],
						[ 145.0325509271, -37.7899738438 ],
						[ 145.0329429271, -37.7899298439 ],
						[ 145.0339049269, -37.7898528439 ],
						[ 145.0360479266, -37.7897498441 ],
						[ 145.0364559265, -37.7897488441 ],
						[ 145.0369409264, -37.7897508441 ],
						[ 145.0379889262, -37.7897378442 ],
						[ 145.0385359261, -37.7897428442 ],
						[ 145.039466926, -37.7897578443 ],
						[ 145.0399069259, -37.7897648443 ],
						[ 145.0402319258, -37.7897658444 ],
						[ 145.0403339258, -37.7897668444 ],
						[ 145.0405139258, -37.7897458444 ],
						[ 145.0407669257, -37.7896858444 ],
						[ 145.0409399257, -37.7896278444 ],
						[ 145.0410909257, -37.7895288444 ],
						[ 145.0412279257, -37.7894068444 ],
						[ 145.0413297875, -37.7892518375 ],
						[ 145.0414599257, -37.7890018444 ],
						[ 145.0415449257, -37.7888318444 ],
						[ 145.0416219257, -37.7885598444 ],
						[ 145.0416839257, -37.7882868444 ],
						[ 145.0417069258, -37.7880168444 ],
						[ 145.0416699258, -37.7877958444 ],
						[ 145.0415569258, -37.7875998444 ],
						[ 145.0413329259, -37.7873008444 ],
						[ 145.0411949259, -37.7871578444 ],
						[ 145.041065926, -37.7870348444 ],
						[ 145.040996926, -37.7869038444 ],
						[ 145.040967926, -37.7867588444 ],
						[ 145.040976926, -37.7866328444 ],
						[ 145.0410009261, -37.7865058444 ],
						[ 145.0410479261, -37.7863888444 ],
						[ 145.0411079261, -37.7862718444 ],
						[ 145.0411989261, -37.7861388444 ],
						[ 145.0413079261, -37.7860188444 ],
						[ 145.041455926, -37.7859328444 ],
						[ 145.041593926, -37.7859028444 ],
						[ 145.041723926, -37.7858988444 ],
						[ 145.041891926, -37.7859858444 ],
						[ 145.0420239259, -37.7861288445 ],
						[ 145.0421179259, -37.7862958445 ],
						[ 145.0422399258, -37.7865098445 ],
						[ 145.0423629258, -37.7867048445 ],
						[ 145.0424999258, -37.7868528445 ],
						[ 145.0426399257, -37.7869288445 ],
						[ 145.0427749257, -37.7869808445 ],
						[ 145.0429039257, -37.7870028445 ],
						[ 145.0430569256, -37.7869728445 ],
						[ 145.0431839256, -37.7869178445 ],
						[ 145.0433159256, -37.7868348446 ],
						[ 145.0434459256, -37.7867238446 ],
						[ 145.0435839256, -37.7865728446 ],
						[ 145.0437349256, -37.7863588446 ],
						[ 145.0438339256, -37.7861768446 ],
						[ 145.0439869256, -37.7859728446 ],
						[ 145.0441399256, -37.7857788446 ],
						[ 145.0442859256, -37.7855658446 ],
						[ 145.0444499256, -37.7853468446 ],
						[ 145.0446459256, -37.7851388446 ],
						[ 145.0448099256, -37.7849838446 ],
						[ 145.0451099255, -37.7846358447 ],
						[ 145.0451999255, -37.7844738447 ],
						[ 145.0452649256, -37.7843228447 ],
						[ 145.0452729256, -37.7841448447 ],
						[ 145.0452489256, -37.7840258447 ],
						[ 145.0451189256, -37.7839448447 ],
						[ 145.0449859256, -37.7839188446 ],
						[ 145.0448399257, -37.7839218446 ],
						[ 145.0446759257, -37.7839778446 ],
						[ 145.0445219257, -37.7840418446 ],
						[ 145.0443119257, -37.7841618446 ],
						[ 145.0441782513, -37.7842569181 ],
						[ 145.0440449258, -37.7843418446 ],
						[ 145.0437939258, -37.7844568446 ],
						[ 145.0435481166, -37.7845390998 ],
						[ 145.0433235191, -37.7846044557 ],
						[ 145.0430889851, -37.7846623058 ],
						[ 145.042339926, -37.7848358445 ],
						[ 145.042133926, -37.7848908445 ],
						[ 145.0419279261, -37.7849558444 ],
						[ 145.0417805239, -37.7850313653 ],
						[ 145.0417336899, -37.7850613348 ],
						[ 145.0416151992, -37.7851461861 ],
						[ 145.0414029261, -37.7853128444 ],
						[ 145.0412559261, -37.7853858444 ],
						[ 145.0411249262, -37.7854298444 ],
						[ 145.0409959262, -37.7854468444 ],
						[ 145.0408339262, -37.7854468444 ],
						[ 145.0406039262, -37.7854028444 ],
						[ 145.0404459263, -37.7853488443 ],
						[ 145.0402759263, -37.7852678443 ],
						[ 145.0401729263, -37.7851798443 ],
						[ 145.0400909264, -37.7850248443 ],
						[ 145.0400493394, -37.7848443189 ],
						[ 145.0400472279, -37.7848027942 ],
						[ 145.0400489264, -37.7846278443 ],
						[ 145.0400849264, -37.7844708443 ],
						[ 145.0401439264, -37.7843168443 ],
						[ 145.0402019264, -37.7842088443 ],
						[ 145.0401309265, -37.7841848443 ],
						[ 145.0400639265, -37.7841438443 ],
						[ 145.0399809265, -37.7840958443 ],
						[ 145.0398879265, -37.7840298443 ],
						[ 145.0397379266, -37.7839198443 ],
						[ 145.0396379266, -37.7838618443 ],
						[ 145.0395179266, -37.7837938443 ],
						[ 145.0393609266, -37.7837198443 ],
						[ 145.0392489267, -37.7836778443 ],
						[ 145.0391439267, -37.7836328442 ],
						[ 145.0390449267, -37.7835993442 ],
						[ 145.0389404267, -37.7835778442 ],
						[ 145.0388509267, -37.7835653442 ],
						[ 145.0386129268, -37.7835608442 ],
						[ 145.0384939268, -37.7835568442 ],
						[ 145.0383989268, -37.7835598442 ],
						[ 145.0383309268, -37.7835548442 ],
						[ 145.0382439269, -37.7835238442 ],
						[ 145.0381679269, -37.7834768442 ],
						[ 145.0380849269, -37.7834018442 ],
						[ 145.0380224269, -37.7833393442 ],
						[ 145.0379579269, -37.7832678442 ],
						[ 145.0379299269, -37.7831898442 ],
						[ 145.037925927, -37.7831088442 ],
						[ 145.037912427, -37.7830603442 ],
						[ 145.037889927, -37.7829768442 ],
						[ 145.037886927, -37.7829363442 ],
						[ 145.037890427, -37.7828823442 ],
						[ 145.037897927, -37.7828058442 ],
						[ 145.037875927, -37.7827703442 ],
						[ 145.037858427, -37.7827063441 ],
						[ 145.037850927, -37.7826438441 ],
						[ 145.037833927, -37.7825868441 ],
						[ 145.037817427, -37.7825203441 ],
						[ 145.0377949271, -37.7824688441 ],
						[ 145.0377624271, -37.7824313441 ],
						[ 145.0377104271, -37.7824038441 ],
						[ 145.0376679271, -37.7823938441 ],
						[ 145.0375629271, -37.7823938441 ],
						[ 145.0374679271, -37.7824013441 ],
						[ 145.0373659271, -37.7823963441 ],
						[ 145.0373179271, -37.7823848441 ],
						[ 145.0372269272, -37.7823488441 ],
						[ 145.0371349272, -37.7823178441 ],
						[ 145.0370809272, -37.7822838441 ],
						[ 145.0370269272, -37.7822268441 ],
						[ 145.0369894272, -37.7821713441 ],
						[ 145.0369349272, -37.7820918441 ],
						[ 145.0368809273, -37.7820228441 ],
						[ 145.0368709273, -37.7819928441 ],
						[ 145.0368619273, -37.7819048441 ],
						[ 145.0368634273, -37.7818193441 ],
						[ 145.0368769273, -37.7817518441 ],
						[ 145.0368969273, -37.7816773441 ],
						[ 145.0369089273, -37.7816143441 ],
						[ 145.0369199273, -37.7815848441 ],
						[ 145.0369399273, -37.7815568441 ],
						[ 145.0369659273, -37.7815338441 ],
						[ 145.0369989273, -37.7815158441 ],
						[ 145.0370264273, -37.7815108441 ],
						[ 145.0370829273, -37.7815058441 ],
						[ 145.0371229273, -37.7815088441 ],
						[ 145.0371889273, -37.7815208441 ],
						[ 145.0372539272, -37.7815368441 ],
						[ 145.0373169272, -37.7815568441 ],
						[ 145.0373694272, -37.7815793441 ],
						[ 145.0374489272, -37.7816028441 ],
						[ 145.0375114272, -37.7816093441 ],
						[ 145.0375739272, -37.7816088441 ],
						[ 145.0376409272, -37.7815998441 ],
						[ 145.0377219272, -37.7815698441 ],
						[ 145.0377734272, -37.7815423441 ],
						[ 145.0378269271, -37.7815078441 ],
						[ 145.0378809271, -37.7814758441 ],
						[ 145.0379404271, -37.7814278441 ],
						[ 145.0379939271, -37.7813723441 ],
						[ 145.0380354271, -37.7813183442 ],
						[ 145.0380639271, -37.7812738442 ],
						[ 145.0380799271, -37.7812208442 ],
						[ 145.0380794271, -37.7811713442 ],
						[ 145.0380629272, -37.7810958442 ],
						[ 145.0380369272, -37.7810228442 ],
						[ 145.0380059272, -37.7809643441 ],
						[ 145.0379689272, -37.7809038441 ],
						[ 145.0379309272, -37.7808428441 ],
						[ 145.0379169272, -37.7808238441 ],
						[ 145.0378849272, -37.7807758441 ],
						[ 145.0378639272, -37.7807388441 ],
						[ 145.0378509272, -37.7806953441 ],
						[ 145.0378499272, -37.7806548441 ],
						[ 145.0378579272, -37.7806218441 ],
						[ 145.0378934272, -37.7805808441 ],
						[ 145.0379279272, -37.7805648441 ],
						[ 145.0379919272, -37.7805488441 ],
						[ 145.0380544272, -37.7805458441 ],
						[ 145.0381504272, -37.7805393442 ],
						[ 145.0382104272, -37.7805258442 ],
						[ 145.0382704272, -37.7805023442 ],
						[ 145.0383124272, -37.7804793442 ],
						[ 145.0383789272, -37.7804378442 ],
						[ 145.0384129272, -37.7804068442 ],
						[ 145.0384294272, -37.7803783442 ],
						[ 145.0384404272, -37.7803343442 ],
						[ 145.0384409272, -37.7802748442 ],
						[ 145.0384469272, -37.7802383442 ],
						[ 145.0384769272, -37.7801288442 ],
						[ 145.0385049272, -37.7800463442 ],
						[ 145.0385529272, -37.7799398442 ],
						[ 145.0385874272, -37.7798593442 ],
						[ 145.0385969272, -37.7797638442 ],
						[ 145.0386019272, -37.7797008442 ],
						[ 145.0386099272, -37.7796423442 ],
						[ 145.0386209272, -37.7795933442 ],
						[ 145.0386299272, -37.7795398442 ],
						[ 145.0386359272, -37.7794903442 ],
						[ 145.0386379272, -37.7794453442 ],
						[ 145.0386359272, -37.7794088442 ],
						[ 145.0386319272, -37.7793948442 ],
						[ 145.0386219272, -37.7793798442 ],
						[ 145.0385884273, -37.7793563442 ],
						[ 145.0385209273, -37.7793208442 ],
						[ 145.0384709273, -37.7792958442 ],
						[ 145.0384269273, -37.7792748442 ],
						[ 145.0383509273, -37.7792448442 ],
						[ 145.0382779273, -37.7792198442 ],
						[ 145.0382039273, -37.7791968441 ],
						[ 145.0381424273, -37.7791888441 ],
						[ 145.0380919274, -37.7791928441 ],
						[ 145.0380319274, -37.7792083441 ],
						[ 145.0379914274, -37.7792233441 ],
						[ 145.0379429274, -37.7792538441 ],
						[ 145.0379019274, -37.7792858441 ],
						[ 145.0378639274, -37.7793248441 ],
						[ 145.0378329274, -37.7793728441 ],
						[ 145.0378004274, -37.7794103441 ],
						[ 145.0377524274, -37.7794648441 ],
						[ 145.0377219274, -37.7794908441 ],
						[ 145.0376639274, -37.7795198441 ],
						[ 145.0376129274, -37.7795378441 ],
						[ 145.0375919274, -37.7795438441 ],
						[ 145.0375399274, -37.7795628441 ],
						[ 145.0375004274, -37.7795808441 ],
						[ 145.0374574274, -37.7796013441 ],
						[ 145.0374169274, -37.7796178441 ],
						[ 145.0373589274, -37.7796368441 ],
						[ 145.0372829274, -37.7796548441 ],
						[ 145.0372149275, -37.7796578441 ],
						[ 145.0371349275, -37.7796578441 ],
						[ 145.0370319275, -37.7796548441 ],
						[ 145.0369989275, -37.7796498441 ],
						[ 145.0369329275, -37.7796368441 ],
						[ 145.0368889275, -37.7796258441 ],
						[ 145.0368519275, -37.7796153441 ],
						[ 145.0368039275, -37.7795998441 ],
						[ 145.0367619275, -37.7795858441 ],
						[ 145.0366929276, -37.779555844 ],
						[ 145.0366439276, -37.779532844 ],
						[ 145.0366009276, -37.779510844 ],
						[ 145.0365919276, -37.779498344 ],
						[ 145.0365689276, -37.779457844 ],
						[ 145.0365439276, -37.779383844 ],
						[ 145.0365209276, -37.779303844 ],
						[ 145.0365049276, -37.779242844 ],
						[ 145.0364884276, -37.779185344 ],
						[ 145.0364719276, -37.779146844 ],
						[ 145.0364499276, -37.779104844 ],
						[ 145.0364269277, -37.779074844 ],
						[ 145.0363989277, -37.779045844 ],
						[ 145.0363609277, -37.779013844 ],
						[ 145.0363089277, -37.778979844 ],
						[ 145.0362569277, -37.778952344 ],
						[ 145.0362174277, -37.778934344 ],
						[ 145.0361809277, -37.778918844 ],
						[ 145.0361599277, -37.778910844 ],
						[ 145.0361169277, -37.778896844 ],
						[ 145.0360859277, -37.778887844 ],
						[ 145.0360529277, -37.778880844 ],
						[ 145.0360134278, -37.778875844 ],
						[ 145.0359809278, -37.778871844 ],
						[ 145.0358253361, -37.779036969 ],
						[ 145.0355862944, -37.7792898856 ],
						[ 145.0353031778, -37.779589444 ],
						[ 145.0352502945, -37.7796454106 ],
						[ 145.0351706361, -37.7797190773 ],
						[ 145.0350847861, -37.7797882606 ],
						[ 145.0349931695, -37.7798526023 ],
						[ 145.0348962195, -37.7799117939 ],
						[ 145.0347943695, -37.7799655939 ],
						[ 145.0346881112, -37.7800137106 ],
						[ 145.0345779612, -37.7800559356 ],
						[ 145.0344644196, -37.7800920606 ],
						[ 145.0339436113, -37.7802307022 ],
						[ 145.0322751616, -37.7805420688 ],
						[ 145.0311566284, -37.780750802 ],
						[ 145.0303651868, -37.780898477 ],
						[ 145.0300724369, -37.7809531103 ],
						[ 145.0295176953, -37.7810566186 ],
						[ 145.0286931371, -37.7812104602 ],
						[ 145.0279551289, -37.7813481601 ],
						[ 145.0273094123, -37.7814686184 ],
						[ 145.0257642792, -37.781756885 ],
						[ 145.0250443127, -37.7818628183 ],
						[ 145.0245782461, -37.7819313932 ],
						[ 145.0241027878, -37.7820460932 ],
						[ 145.0234357546, -37.7822070182 ],
						[ 145.0233018796, -37.7822332098 ],
						[ 145.022697588, -37.7823514681 ],
						[ 145.0220231964, -37.7824834431 ],
						[ 145.0209270549, -37.7826979263 ],
						[ 145.0197744885, -37.7829317596 ],
						[ 145.018576172, -37.7831751428 ],
						[ 145.0176703138, -37.7833469094 ],
						[ 145.0173968305, -37.7833494427 ],
						[ 145.0148431559, -37.7837790842 ],
						[ 145.0145054726, -37.7837839426 ],
						[ 145.014311106, -37.7838205842 ],
						[ 145.0124603229, -37.78416148 ],
						[ 145.0107268521, -37.7842059018 ],
						[ 145.0099151518, -37.7841160893 ],
						[ 145.002181033, -37.7848928 ],
						[ 145.0017461414, -37.7850093334 ],
						[ 144.9992126417, -37.7858562582 ],
						[ 144.9984332501, -37.7861167831 ],
						[ 144.9960274505, -37.7869208996 ],
						[ 144.9958695588, -37.7869736746 ],
						[ 144.9955477672, -37.7870812246 ],
						[ 144.9952410339, -37.7871333246 ],
						[ 144.9949814421, -37.7886075412 ],
						[ 144.9947013587, -37.7901981079 ],
						[ 144.9943192585, -37.7923677912 ],
						[ 144.9942883418, -37.7925433996 ],
						[ 144.9941922251, -37.7930360162 ],
						[ 144.9940621834, -37.7937024412 ],
						[ 144.9938924, -37.7945725745 ],
						[ 144.9938385083, -37.7948487495 ],
						[ 144.9937838083, -37.7951291162 ],
						[ 144.9937530333, -37.7952868162 ],
						[ 144.9937278499, -37.7954158579 ],
						[ 144.9936748833, -37.7956873079 ],
						[ 144.9936575916, -37.7957758995 ],
						[ 144.9936204832, -37.7959660829 ],
						[ 144.9936058249, -37.7960412245 ],
						[ 144.9934494915, -37.7969699079 ],
						[ 144.9934357498, -37.7970517662 ],
						[ 144.9933643248, -37.7974770829 ],
						[ 144.9933181748, -37.7977518495 ],
						[ 144.9932892998, -37.7979237995 ],
						[ 144.9932601247, -37.7980975829 ],
						[ 144.993141258, -37.7988751579 ],
						[ 144.9931025663, -37.7991283162 ],
						[ 144.9929931329, -37.7998322328 ],
						[ 144.994303241, -37.7999598913 ],
						[ 144.9949541992, -37.800023308 ],
						[ 144.9953798992, -37.800064783 ],
						[ 144.9969944072, -37.8002220498 ],
						[ 144.9976016571, -37.8002811832 ],
						[ 144.9984461403, -37.8003639749 ],
						[ 144.9989870735, -37.8004169916 ],
						[ 144.9998092733, -37.8004975667 ],
						[ 144.9999415233, -37.8005105333 ],
						[ 145.0012381814, -37.8006376001 ],
						[ 145.0021754396, -37.8007294418 ],
						[ 145.0029786811, -37.8008012919 ],
						[ 145.0031255477, -37.8008166836 ],
						[ 145.003273056, -37.8008276586 ],
						[ 145.003406931, -37.8008334752 ],
						[ 145.0035765226, -37.8008362752 ],
						[ 145.0036628226, -37.8008317169 ],
						[ 145.0040014642, -37.8008138169 ],
						[ 145.0041609226, -37.8008054003 ],
						[ 145.0041802679, -37.8008048401 ],
						[ 145.0038668076, -37.8005721484 ],
						[ 145.0035260779, -37.8002899837 ],
						[ 145.0032115299, -37.8000392365 ],
						[ 145.0029084123, -37.7998101263 ],
						[ 145.0025310313, -37.7995511638 ],
						[ 145.0022269553, -37.7993577756 ],
						[ 145.0017005364, -37.7990581595 ],
						[ 145.001535283, -37.7989505182 ],
						[ 145.0012519008, -37.798769392 ],
						[ 145.0010032523, -37.7986365078 ],
						[ 145.000765647, -37.7985395506 ],
						[ 145.0003313654, -37.7983868349 ],
						[ 144.9999963873, -37.7982262735 ],
						[ 144.9999020143, -37.7981627216 ],
						[ 144.9997588028, -37.7980173296 ],
						[ 144.9995695622, -37.7977972931 ],
						[ 144.9994029198, -37.7976300587 ],
						[ 144.9993275198, -37.7975310887 ],
						[ 144.9992708348, -37.7974062273 ],
						[ 144.9992527172, -37.7972986998 ],
						[ 144.9992573892, -37.79723683 ],
						[ 144.9992705511, -37.7971941657 ],
						[ 144.9993294394, -37.7971260689 ],
						[ 144.9994029486, -37.7970725165 ],
						[ 144.9995334182, -37.7970223143 ],
						[ 144.999751375, -37.7969569193 ],
						[ 144.999919769, -37.796947866 ],
						[ 145.0002085361, -37.7969289433 ],
						[ 145.0004547069, -37.7969307406 ],
						[ 145.0007804361, -37.7969886892 ],
						[ 145.0010367507, -37.7970597547 ],
						[ 145.001280932, -37.797135379 ],
						[ 145.001439488, -37.7971571311 ],
						[ 145.0015147133, -37.7971512597 ],
						[ 145.0016243009, -37.7970959355 ],
						[ 145.0017443684, -37.7969859877 ],
						[ 145.0018533928, -37.7968401126 ],
						[ 145.0019486296, -37.7966487328 ]
					],
					[
						[ 145.0030639316, -37.7957308418 ],
						[ 145.0030758091, -37.7957499467 ],
						[ 145.0030639316, -37.7957308418 ]
					],
					[
						[ 145.0026129317, -37.7958878418 ]
					],
					[
						[ 145.0030639316, -37.7957308418 ]
					],
					[
						[ 145.0022779317, -37.7961788418 ]
					],
					[
						[ 145.0036589315, -37.7958268419 ]
					],
					[
						[ 145.0069182773, -37.7969998172 ]
					],
					[
						[ 145.0022779317, -37.7961788418 ]
					],
					[
						[ 145.0069182773, -37.7969998172 ]
					],
					[
						[ 145.0019718651, -37.7966398084 ]
					],
					[
						[ 145.0069182773, -37.7969998172 ]
					],
					[
						[ 145.0019718651, -37.7966398084 ],
						[ 145.0019486296, -37.7966487328 ],
						[ 145.0019718651, -37.7966398084 ]
					],
					[
						[ 145.0080051227, -37.7964355986 ],
						[ 145.0079599307, -37.7963858422 ],
						[ 145.0080051227, -37.7964355986 ]
					],
					[
						[ 145.0019718651, -37.7966398084 ]
					],
					[
						[ 145.0079599307, -37.7963858422 ]
					],
					[
						[ 145.0019718651, -37.7966398084 ],
						[ 145.0019486296, -37.7966487328 ],
						[ 145.0019718651, -37.7966398084 ]
					],
					[
						[ 145.0079599307, -37.7963858422 ]
					],
					[
						[ 145.0081478309, -37.7839049812 ]
					],
					[
						[ 145.0081170265, -37.7839038698 ],
						[ 145.008129932, -37.7839028421 ],
						[ 145.0081170265, -37.7839038698 ]
					],
					[
						[ 145.008143832, -37.7839047588 ],
						[ 145.0081170265, -37.7839038698 ],
						[ 145.008143832, -37.7839047588 ]
					],
					[
						[ 145.0052043742, -37.7841363253 ],
						[ 145.0052039325, -37.7841358419 ],
						[ 145.0052089691, -37.7841354409 ],
						[ 145.0052043742, -37.7841363253 ]
					],
					[
						[ 145.0052089691, -37.7841354409 ],
						[ 145.0052043742, -37.7841363253 ],
						[ 145.0052039325, -37.7841358419 ],
						[ 145.0052089691, -37.7841354409 ]
					],
					[
						[ 145.0052016611, -37.784140713 ],
						[ 145.0052039325, -37.7841358419 ],
						[ 145.0052089691, -37.7841354409 ],
						[ 145.0052016611, -37.784140713 ]
					],
					[
						[ 145.0052039325, -37.7841358419 ],
						[ 145.0052089691, -37.7841354409 ],
						[ 145.0052016611, -37.784140713 ],
						[ 145.0052039325, -37.7841358419 ]
					],
					[
						[ 145.004234666, -37.7843557752 ],
						[ 145.0042186993, -37.7843592585 ],
						[ 145.004234666, -37.7843557752 ]
					]
				]
			},
			"properties" : {
				"zone_id" : 5,
				"zone" : "Area 41"
			}
		},
		{
			"type" : "Feature",
			"geometry" : {
				"type" : "Polygon",
				"coordinates" : [
					[
						[ 144.9851488349, -37.7938840073 ],
						[ 144.9850071515, -37.7947068573 ],
						[ 144.9848997682, -37.7953304656 ],
						[ 144.9847911514, -37.7959612573 ],
						[ 144.9847545848, -37.7961736489 ],
						[ 144.9846890181, -37.7965543906 ],
						[ 144.9846371014, -37.7968559156 ],
						[ 144.9845522513, -37.7973486656 ],
						[ 144.984518143, -37.7975467323 ],
						[ 144.9844146596, -37.7981477406 ],
						[ 144.9843992679, -37.7982371156 ],
						[ 144.9842772262, -37.7989457656 ],
						[ 144.9850570094, -37.799027099 ],
						[ 144.9865804341, -37.7991853324 ],
						[ 144.987350759, -37.7992645241 ],
						[ 144.9889739003, -37.7994303992 ],
						[ 144.9890564087, -37.7994388242 ],
						[ 144.9892820503, -37.7994614659 ],
						[ 144.9896293919, -37.7994961743 ],
						[ 144.9899807002, -37.7995312743 ],
						[ 144.9903289334, -37.7995660743 ],
						[ 144.9906776, -37.7996009077 ],
						[ 144.9910247833, -37.7996355994 ],
						[ 144.9913711749, -37.7996701994 ],
						[ 144.9917178248, -37.7997048328 ],
						[ 144.9920660248, -37.7997396161 ],
						[ 144.9924130164, -37.7997742828 ],
						[ 144.9929931329, -37.7998322328 ],
						[ 144.9931025663, -37.7991283162 ],
						[ 144.993141258, -37.7988751579 ],
						[ 144.9932601247, -37.7980975829 ],
						[ 144.9932892998, -37.7979237995 ],
						[ 144.9933181748, -37.7977518495 ],
						[ 144.9933643248, -37.7974770829 ],
						[ 144.9934357498, -37.7970517662 ],
						[ 144.9934494915, -37.7969699079 ],
						[ 144.9936058249, -37.7960412245 ],
						[ 144.9936204832, -37.7959660829 ],
						[ 144.9936575916, -37.7957758995 ],
						[ 144.9936748833, -37.7956873079 ],
						[ 144.9937278499, -37.7954158579 ],
						[ 144.9937530333, -37.7952868162 ],
						[ 144.9937838083, -37.7951291162 ],
						[ 144.9938385083, -37.7948487495 ],
						[ 144.9938924, -37.7945725745 ],
						[ 144.9939175, -37.7944438912 ],
						[ 144.9940621834, -37.7937024412 ],
						[ 144.9941922251, -37.7930360162 ],
						[ 144.9943192585, -37.7923677912 ],
						[ 144.9947013587, -37.7901981079 ],
						[ 144.9949814421, -37.7886075412 ],
						[ 144.9951491005, -37.7876554496 ],
						[ 144.9952410339, -37.7871333246 ],
						[ 144.9950703423, -37.7871623079 ],
						[ 144.9947273673, -37.7872205662 ],
						[ 144.9938732758, -37.7875030995 ],
						[ 144.9934420925, -37.7876457328 ],
						[ 144.9932039425, -37.7877245161 ],
						[ 144.9920623594, -37.788102141 ],
						[ 144.9919871927, -37.7881738994 ],
						[ 144.9908753928, -37.7886361826 ],
						[ 144.9905731596, -37.7887618409 ],
						[ 144.9894284347, -37.7892377909 ],
						[ 144.9890087931, -37.7894122742 ],
						[ 144.9871197183, -37.7901976491 ],
						[ 144.9869494511, -37.7902684356 ],
						[ 144.9856805018, -37.790795974 ],
						[ 144.9856308768, -37.7910842323 ],
						[ 144.9855230601, -37.7917104656 ],
						[ 144.9854723934, -37.7920047573 ],
						[ 144.9854061434, -37.7923895239 ],
						[ 144.9851488349, -37.7938840073 ]
					],
					[
						[ 144.9851488349, -37.7938840073 ],
						[ 144.9851489349, -37.7938828406 ],
						[ 144.9851488349, -37.7938840073 ]
					]
				]
			},
			"properties" : {
				"zone_id" : 6,
				"zone" : "Area 37"
			}
		},
		{
			"type" : "Feature",
			"geometry" : {
				"type" : "Polygon",
				"coordinates" : [
					[
						[ 144.9856805018, -37.790795974 ],
						[ 144.9871197183, -37.7901976491 ],
						[ 144.9890087931, -37.7894122742 ],
						[ 144.9894284347, -37.7892377909 ],
						[ 144.9905731596, -37.7887618409 ],
						[ 144.9908753928, -37.7886361826 ],
						[ 144.9919871927, -37.7881738994 ],
						[ 144.9920623594, -37.788102141 ],
						[ 144.9938732758, -37.7875030995 ],
						[ 144.9947273673, -37.7872205662 ],
						[ 144.9948257007, -37.7872038662 ],
						[ 144.9950703423, -37.7871623079 ],
						[ 144.9952410339, -37.7871333246 ],
						[ 144.9955477672, -37.7870812246 ],
						[ 144.9958695588, -37.7869736746 ],
						[ 144.9960274505, -37.7869208996 ],
						[ 144.9984332501, -37.7861167831 ],
						[ 144.9992126417, -37.7858562582 ],
						[ 145.0017461414, -37.7850093334 ],
						[ 145.002181033, -37.7848928 ],
						[ 145.0032720328, -37.7846004251 ],
						[ 145.0038576077, -37.7844434835 ],
						[ 145.003918391, -37.7844271918 ],
						[ 145.004098566, -37.7843864335 ],
						[ 145.004163441, -37.7843717585 ],
						[ 145.0042186993, -37.7843592585 ],
						[ 145.0041467357, -37.7842884077 ],
						[ 145.0040984381, -37.7842408272 ],
						[ 145.0040326677, -37.7841675424 ],
						[ 145.0039795238, -37.7840930299 ],
						[ 145.0039308365, -37.7840268821 ],
						[ 145.0038090887, -37.7838748019 ],
						[ 145.0037391086, -37.7837927058 ],
						[ 145.003611553, -37.7836546727 ],
						[ 145.0035354129, -37.7835649037 ],
						[ 145.0034844658, -37.7835166474 ],
						[ 145.0033578546, -37.7834131384 ],
						[ 145.0032104121, -37.7833008967 ],
						[ 145.0030683598, -37.7831971256 ],
						[ 145.0030079495, -37.7831560969 ],
						[ 145.0029563087, -37.7831284165 ],
						[ 145.002876842, -37.7830916702 ],
						[ 145.0027618044, -37.7830445238 ],
						[ 145.0026325867, -37.7830100767 ],
						[ 145.0025338954, -37.7829929058 ],
						[ 145.0024437772, -37.7829876833 ],
						[ 145.0023076967, -37.7829960071 ],
						[ 145.0021964452, -37.7830141224 ],
						[ 145.0020889341, -37.7830428427 ],
						[ 145.0020033572, -37.7830671597 ],
						[ 145.00190527, -37.7830901382 ],
						[ 145.0018203008, -37.7831162223 ],
						[ 145.0017528558, -37.7831486854 ],
						[ 145.0016630678, -37.7832041955 ],
						[ 145.0015777563, -37.783263836 ],
						[ 145.0015178709, -37.7833180513 ],
						[ 145.0014742221, -37.7833708302 ],
						[ 145.0014353301, -37.7834077815 ],
						[ 145.0013840686, -37.7834520574 ],
						[ 145.001323383, -37.7835168458 ],
						[ 145.001267248, -37.7835951814 ],
						[ 145.0011964082, -37.7836875933 ],
						[ 145.0010416156, -37.7838656171 ],
						[ 145.0009796592, -37.7839410607 ],
						[ 145.000915381, -37.7840366472 ],
						[ 145.0008539402, -37.7841120543 ],
						[ 145.0007484445, -37.7842066258 ],
						[ 145.000677193, -37.7842517278 ],
						[ 145.0006265147, -37.7842873581 ],
						[ 145.0005880038, -37.7843318445 ],
						[ 145.0004980653, -37.7844362755 ],
						[ 145.0004403903, -37.7844917891 ],
						[ 145.0003401939, -37.7845651415 ],
						[ 145.00027499, -37.7846151212 ],
						[ 145.000229396, -37.7846670557 ],
						[ 145.0001733367, -37.784711244 ],
						[ 145.0000149491, -37.7848140619 ],
						[ 144.9998844713, -37.7849009552 ],
						[ 144.9997234912, -37.785014811 ],
						[ 144.9996416572, -37.7850773021 ],
						[ 144.9995749817, -37.7851262654 ],
						[ 144.9995042902, -37.7851713762 ],
						[ 144.9994174611, -37.7852142306 ],
						[ 144.9992700598, -37.7852984481 ],
						[ 144.9991204711, -37.7853630766 ],
						[ 144.9989395968, -37.785438571 ],
						[ 144.9988159997, -37.7854837736 ],
						[ 144.9986267039, -37.7855451589 ],
						[ 144.9985752073, -37.785564196 ],
						[ 144.9985025644, -37.7855896311 ],
						[ 144.9983166298, -37.7856305302 ],
						[ 144.9982159747, -37.7856444068 ],
						[ 144.998080086, -37.7856523686 ],
						[ 144.9979438848, -37.7856545585 ],
						[ 144.9978074721, -37.7856576456 ],
						[ 144.9976949127, -37.7856477131 ],
						[ 144.9975382215, -37.785625047 ],
						[ 144.9974066623, -37.785597492 ],
						[ 144.997235104, -37.7855497951 ],
						[ 144.9970884797, -37.7855010804 ],
						[ 144.996900996, -37.7854363536 ],
						[ 144.9967578083, -37.7853817503 ],
						[ 144.9967003569, -37.7853525718 ],
						[ 144.9966601793, -37.7853355803 ],
						[ 144.9966182222, -37.7853220724 ],
						[ 144.9965405067, -37.7853151643 ],
						[ 144.9963354916, -37.7852235588 ],
						[ 144.9963003571, -37.7852035896 ],
						[ 144.99622549, -37.7851447036 ],
						[ 144.9961815442, -37.7851132251 ],
						[ 144.9961131557, -37.7850730031 ],
						[ 144.9960321937, -37.785023377 ],
						[ 144.9959893429, -37.7849875089 ],
						[ 144.9959475374, -37.7849510729 ],
						[ 144.9958915416, -37.7849200266 ],
						[ 144.9958471703, -37.7848884574 ],
						[ 144.9957883938, -37.784849435 ],
						[ 144.9957398655, -37.7848261743 ],
						[ 144.9956816034, -37.7848079737 ],
						[ 144.9956296604, -37.7847880786 ],
						[ 144.9955565769, -37.7847234048 ],
						[ 144.9947103515, -37.7839719223 ],
						[ 144.9944711496, -37.7837945853 ],
						[ 144.9941169349, -37.783477697 ],
						[ 144.9939530984, -37.7833627946 ],
						[ 144.9933737791, -37.7830599059 ],
						[ 144.9931833086, -37.7829802206 ],
						[ 144.9930519484, -37.7829703384 ],
						[ 144.9928728673, -37.7829443547 ],
						[ 144.9925990341, -37.7828606999 ],
						[ 144.9924371698, -37.782791693 ],
						[ 144.9923048065, -37.7827002568 ],
						[ 144.9920762445, -37.7826046324 ],
						[ 144.9920040934, -37.7825422503 ],
						[ 144.9919612363, -37.7824650796 ],
						[ 144.9919424961, -37.782327168 ],
						[ 144.9918999388, -37.7818830901 ],
						[ 144.9918392694, -37.7815151433 ],
						[ 144.9918101757, -37.7812853271 ],
						[ 144.9918216945, -37.7810969713 ],
						[ 144.9919220272, -37.7809483498 ],
						[ 144.9919844048, -37.7807786971 ],
						[ 144.992013384, -37.780656887 ],
						[ 144.9920302859, -37.780506843 ],
						[ 144.9920073032, -37.780407079 ],
						[ 144.9919490235, -37.7803067134 ],
						[ 144.9917138758, -37.780098864 ],
						[ 144.9915774131, -37.7800404811 ],
						[ 144.9914307726, -37.7800023084 ],
						[ 144.9912387952, -37.7799786505 ],
						[ 144.9909662527, -37.7799663581 ],
						[ 144.9907132581, -37.7799243981 ],
						[ 144.9905105097, -37.7798723272 ],
						[ 144.9903011387, -37.7797906811 ],
						[ 144.9901516906, -37.7796894339 ],
						[ 144.9900698249, -37.779559878 ],
						[ 144.9899091433, -37.7787086351 ],
						[ 144.9898886162, -37.7784387089 ],
						[ 144.9898399235, -37.7781123246 ],
						[ 144.9897741967, -37.7778666696 ],
						[ 144.9896592412, -37.7776570017 ],
						[ 144.9894917062, -37.7774700056 ],
						[ 144.9892771958, -37.7772625421 ],
						[ 144.9892190545, -37.7772124266 ],
						[ 144.9891279141, -37.7771398261 ],
						[ 144.988998221, -37.7770548888 ],
						[ 144.9887225703, -37.7767648753 ],
						[ 144.9886426945, -37.7766298992 ],
						[ 144.9886103336, -37.7765630429 ],
						[ 144.9885646285, -37.776474862 ],
						[ 144.9885236733, -37.7763945016 ],
						[ 144.9884905855, -37.7763905895 ],
						[ 144.9873681378, -37.7762638362 ],
						[ 144.9872818316, -37.7762534381 ],
						[ 144.9872938437, -37.776191328 ],
						[ 144.9858294951, -37.7760258405 ],
						[ 144.9852756035, -37.7759632405 ],
						[ 144.9831013456, -37.7757174737 ],
						[ 144.9830904912, -37.7757813926 ],
						[ 144.9830055115, -37.775774481 ],
						[ 144.9825237457, -37.775722712 ],
						[ 144.982466854, -37.7757164486 ],
						[ 144.9824096842, -37.7757101265 ],
						[ 144.9818318428, -37.775652294 ],
						[ 144.9814143637, -37.7756051358 ],
						[ 144.9813282709, -37.7755952986 ],
						[ 144.9803941277, -37.7754874014 ],
						[ 144.9803096661, -37.7754806919 ],
						[ 144.9801532891, -37.7754646756 ],
						[ 144.9799249857, -37.7754393166 ],
						[ 144.979929885, -37.7754106587 ],
						[ 144.9790050134, -37.7753076668 ],
						[ 144.9788913315, -37.7752932984 ],
						[ 144.9787318046, -37.7762384317 ],
						[ 144.9785684879, -37.7772068484 ],
						[ 144.9784256378, -37.7780518234 ],
						[ 144.9782563044, -37.77905799 ],
						[ 144.9782330377, -37.7792247734 ],
						[ 144.9782227377, -37.7793969067 ],
						[ 144.9782239544, -37.77948909 ],
						[ 144.9782138544, -37.77958094 ],
						[ 144.978163571, -37.7799164984 ],
						[ 144.978156121, -37.7799661734 ],
						[ 144.9781415529, -37.7800627931 ],
						[ 144.978116946, -37.78019499 ],
						[ 144.9779527209, -37.7810734317 ],
						[ 144.9776633541, -37.7826316567 ],
						[ 144.9772108706, -37.78513724 ],
						[ 144.9768936288, -37.7868194817 ],
						[ 144.9767743954, -37.787449115 ],
						[ 144.9766576287, -37.78806759 ],
						[ 144.9764272036, -37.789287965 ],
						[ 144.9762531119, -37.7902219233 ],
						[ 144.9759823868, -37.79164144 ],
						[ 144.9757463117, -37.7929012816 ],
						[ 144.9773227947, -37.7930660817 ],
						[ 144.9782980695, -37.7931680235 ],
						[ 144.9788136111, -37.7932219235 ],
						[ 144.9793232443, -37.7932751902 ],
						[ 144.979624236, -37.7933066569 ],
						[ 144.9805202191, -37.793400307 ],
						[ 144.9827515104, -37.7936335071 ],
						[ 144.9839507268, -37.7937588239 ],
						[ 144.9851488349, -37.7938840073 ],
						[ 144.9854061434, -37.7923895239 ],
						[ 144.9854723934, -37.7920047573 ],
						[ 144.9855230601, -37.7917104656 ],
						[ 144.9856308768, -37.7910842323 ],
						[ 144.9856805018, -37.790795974 ]
					],
					[
						[ 144.9856799352, -37.7907958406 ],
						[ 144.9856805018, -37.790795974 ],
						[ 144.9856799352, -37.7907958406 ]
					],
					[
						[ 144.9770339039, -37.7860760233 ],
						[ 144.9770339039, -37.7860760233 ],
						[ 144.9770339039, -37.7860760233 ]
					],
					[
						[ 144.9899929656, -37.7793140332 ],
						[ 144.9900085817, -37.7793228407 ],
						[ 144.9899929656, -37.7793140332 ]
					]
				]
			},
			"properties" : {
				"zone_id" : 7,
				"zone" : "Area 32"
			}
		},
		{
			"type" : "Feature",
			"geometry" : {
				"type" : "Polygon",
				"coordinates" : [
					[
						[ 144.9748830863, -37.7979389483 ],
						[ 144.9748830312, -37.7979392746 ],
						[ 144.9749114779, -37.7979420149 ],
						[ 144.9759750777, -37.7980566317 ],
						[ 144.9773942691, -37.7982086651 ],
						[ 144.9784728189, -37.7983241818 ],
						[ 144.9785012689, -37.7983272402 ],
						[ 144.9795876354, -37.7984435986 ],
						[ 144.9801309686, -37.7985017986 ],
						[ 144.9807136519, -37.7985641987 ],
						[ 144.9811690518, -37.798612957 ],
						[ 144.981883385, -37.7986894571 ],
						[ 144.9822003099, -37.7987233904 ],
						[ 144.9827175848, -37.7987787821 ],
						[ 144.9830810848, -37.7988177072 ],
						[ 144.9842772262, -37.7989457656 ],
						[ 144.9844146596, -37.7981477406 ],
						[ 144.9844924513, -37.7976959323 ],
						[ 144.984518143, -37.7975467323 ],
						[ 144.9845522513, -37.7973486656 ],
						[ 144.9846371014, -37.7968559156 ],
						[ 144.9846612514, -37.7967156656 ],
						[ 144.9846890181, -37.7965543906 ],
						[ 144.9847545848, -37.7961736489 ],
						[ 144.9847911514, -37.7959612573 ],
						[ 144.9848475098, -37.7956339406 ],
						[ 144.9848997682, -37.7953304656 ],
						[ 144.9850071515, -37.7947068573 ],
						[ 144.9850894849, -37.7942286989 ],
						[ 144.9851488349, -37.7938840073 ],
						[ 144.9839507268, -37.7937588239 ],
						[ 144.9827515104, -37.7936335071 ],
						[ 144.9815739023, -37.793510432 ],
						[ 144.981224169, -37.793473882 ],
						[ 144.9805202191, -37.793400307 ],
						[ 144.9795960068, -37.7933037027 ],
						[ 144.9793232443, -37.7932751902 ],
						[ 144.9788136111, -37.7932219235 ],
						[ 144.9782980695, -37.7931680235 ],
						[ 144.9771426697, -37.7930472567 ],
						[ 144.9757463117, -37.7929012816 ],
						[ 144.9757214533, -37.793033915 ],
						[ 144.9756648366, -37.7933684983 ],
						[ 144.9756065033, -37.793713215 ],
						[ 144.9754996366, -37.7943447483 ],
						[ 144.9754460365, -37.7946615899 ],
						[ 144.9753931782, -37.7949739483 ],
						[ 144.9752943448, -37.7955553066 ],
						[ 144.9752776615, -37.7956519566 ],
						[ 144.9751567697, -37.7963526649 ],
						[ 144.975088803, -37.7967466149 ],
						[ 144.9750839697, -37.7967746483 ],
						[ 144.9750674947, -37.7968700983 ],
						[ 144.9750192697, -37.7971495983 ],
						[ 144.974956678, -37.7975124149 ],
						[ 144.9748830863, -37.7979389483 ]
					]
				]
			},
			"properties" : {
				"zone_id" : 8,
				"zone" : "Area 33"
			}
		},
		{
			"type" : "Feature",
			"geometry" : {
				"type" : "Polygon",
				"coordinates" : [
					[
						[ 144.9743310943, -37.8012088816 ],
						[ 144.974316011, -37.8012981899 ],
						[ 144.974245636, -37.8017151399 ],
						[ 144.9742048276, -37.8019569232 ],
						[ 144.9740824754, -37.8026835268 ],
						[ 144.9738412469, -37.8041043603 ],
						[ 144.9736258177, -37.8053685615 ],
						[ 144.9735436241, -37.8058508976 ],
						[ 144.9733904772, -37.8067527649 ],
						[ 144.9733577439, -37.8069455482 ],
						[ 144.9732175522, -37.8077710315 ],
						[ 144.9731941249, -37.8079089667 ],
						[ 144.9756970662, -37.8081759367 ],
						[ 144.9767924207, -37.8082927699 ],
						[ 144.9779120148, -37.8084121886 ],
						[ 144.9790183062, -37.8085301884 ],
						[ 144.9801818325, -37.808654293 ],
						[ 144.9813735377, -37.8087814032 ],
						[ 144.9825589338, -37.8089078405 ],
						[ 144.9826729338, -37.8082472489 ],
						[ 144.9827463672, -37.8078215155 ],
						[ 144.9828960839, -37.8069536572 ],
						[ 144.9829296423, -37.8067591239 ],
						[ 144.9829988673, -37.8063577489 ],
						[ 144.9832033924, -37.8051720072 ],
						[ 144.9832390007, -37.8049655489 ],
						[ 144.9833824675, -37.8041337822 ],
						[ 144.9835016008, -37.8034430822 ],
						[ 144.9835754925, -37.8030145822 ],
						[ 144.9835811676, -37.8029817156 ],
						[ 144.9836135176, -37.8027941489 ],
						[ 144.9837201093, -37.8021761156 ],
						[ 144.9837501343, -37.8020020989 ],
						[ 144.983771501, -37.8018782322 ],
						[ 144.983795751, -37.8017376072 ],
						[ 144.983885851, -37.8012151739 ],
						[ 144.9839772177, -37.8006853906 ],
						[ 144.9840031761, -37.8005348739 ],
						[ 144.9840219928, -37.8004257989 ],
						[ 144.9840983928, -37.7999827656 ],
						[ 144.9841268511, -37.7998177322 ],
						[ 144.9842511179, -37.7990971156 ],
						[ 144.9842772262, -37.7989457656 ],
						[ 144.9830810848, -37.7988177072 ],
						[ 144.9827175848, -37.7987787821 ],
						[ 144.9822003099, -37.7987233904 ],
						[ 144.981883385, -37.7986894571 ],
						[ 144.9811690518, -37.798612957 ],
						[ 144.9807136519, -37.7985641987 ],
						[ 144.9801309686, -37.7985017986 ],
						[ 144.9795876354, -37.7984435986 ],
						[ 144.9785012689, -37.7983272402 ],
						[ 144.9784728189, -37.7983241818 ],
						[ 144.9773942691, -37.7982086651 ],
						[ 144.9759750777, -37.7980566317 ],
						[ 144.9749114779, -37.7979420149 ],
						[ 144.9748830312, -37.7979392746 ],
						[ 144.9748169446, -37.7983305816 ],
						[ 144.9747580112, -37.7986794483 ],
						[ 144.9746519028, -37.7993081316 ],
						[ 144.9746267278, -37.7994572983 ],
						[ 144.9745424278, -37.7999567399 ],
						[ 144.9744797611, -37.8003280566 ],
						[ 144.9744232277, -37.8006629899 ],
						[ 144.9743310943, -37.8012088816 ]
					]
				]
			},
			"properties" : {
				"zone_id" : 9,
				"zone" : "Area 34"
			}
		},
		{
			"type" : "Feature",
			"geometry" : {
				"type" : "Polygon",
				"coordinates" : [
					[
						[ 144.9841268511, -37.7998177322 ],
						[ 144.9840983928, -37.7999827656 ],
						[ 144.9840219928, -37.8004257989 ],
						[ 144.9840031761, -37.8005348739 ],
						[ 144.9839772177, -37.8006853906 ],
						[ 144.983885851, -37.8012151739 ],
						[ 144.983795751, -37.8017376072 ],
						[ 144.983771501, -37.8018782322 ],
						[ 144.9837501343, -37.8020020989 ],
						[ 144.9837201093, -37.8021761156 ],
						[ 144.9836135176, -37.8027941489 ],
						[ 144.9835811676, -37.8029817156 ],
						[ 144.9835754925, -37.8030145822 ],
						[ 144.9835016008, -37.8034430822 ],
						[ 144.9833824675, -37.8041337822 ],
						[ 144.9832390007, -37.8049655489 ],
						[ 144.9832033924, -37.8051720072 ],
						[ 144.9829988673, -37.8063577489 ],
						[ 144.9829296423, -37.8067591239 ],
						[ 144.9828960839, -37.8069536572 ],
						[ 144.9827463672, -37.8078215155 ],
						[ 144.9826729338, -37.8082472489 ],
						[ 144.9825589338, -37.8089078405 ],
						[ 144.9825589781, -37.8089078453 ],
						[ 144.9847581855, -37.8091421236 ],
						[ 144.985238217, -37.8091932606 ],
						[ 144.9856318638, -37.8092351952 ],
						[ 144.9876350865, -37.8094485955 ],
						[ 144.9885443754, -37.8095454607 ],
						[ 144.9894460683, -37.8096415167 ],
						[ 144.9902296602, -37.8097249916 ],
						[ 144.9913359321, -37.8098428411 ],
						[ 144.9913571738, -37.8097181078 ],
						[ 144.9913769321, -37.8095918411 ],
						[ 144.9913779009, -37.8095919426 ],
						[ 144.9916139989, -37.8081547828 ],
						[ 144.9917199906, -37.8075095661 ],
						[ 144.9921358742, -37.8049778828 ],
						[ 144.9921531825, -37.8048724995 ],
						[ 144.9921841075, -37.8046842912 ],
						[ 144.9922619076, -37.8042105912 ],
						[ 144.992379941, -37.8034920828 ],
						[ 144.992515016, -37.8026697995 ],
						[ 144.9925192242, -37.8026441746 ],
						[ 144.9925452494, -37.8024856995 ],
						[ 144.9926562911, -37.8018278745 ],
						[ 144.9927100495, -37.8015093995 ],
						[ 144.9927655828, -37.8011803245 ],
						[ 144.9928226828, -37.8008420828 ],
						[ 144.9928446579, -37.8007118828 ],
						[ 144.9929931329, -37.7998322328 ],
						[ 144.9924130164, -37.7997742828 ],
						[ 144.9920660248, -37.7997396161 ],
						[ 144.9917178248, -37.7997048328 ],
						[ 144.9913711749, -37.7996701994 ],
						[ 144.9910247833, -37.7996355994 ],
						[ 144.9906776, -37.7996009077 ],
						[ 144.9903289334, -37.7995660743 ],
						[ 144.9899807002, -37.7995312743 ],
						[ 144.9892820503, -37.7994614659 ],
						[ 144.9890564087, -37.7994388242 ],
						[ 144.9889739003, -37.7994303992 ],
						[ 144.987350759, -37.7992645241 ],
						[ 144.9865804341, -37.7991853324 ],
						[ 144.9850570094, -37.799027099 ],
						[ 144.9842772262, -37.7989457656 ],
						[ 144.9841268511, -37.7998177322 ]
					],
					[
						[ 144.9928749412, -37.8005325412 ]
					],
					[
						[ 144.991779449, -37.8071477161 ],
						[ 144.991779449, -37.8071477161 ],
						[ 144.991779449, -37.8071477161 ]
					],
					[
						[ 144.9896293919, -37.7994961743 ]
					]
				]
			},
			"properties" : {
				"zone_id" : 10,
				"zone" : "Area 36"
			}
		},
		{
			"type" : "Feature",
			"geometry" : {
				"type" : "Polygon",
				"coordinates" : [
					[
						[ 144.9921358742, -37.8049778828 ],
						[ 144.9966714845, -37.8054253479 ],
						[ 144.9973628563, -37.8054698161 ],
						[ 144.9980296821, -37.8055073213 ],
						[ 144.9988299559, -37.8054882154 ],
						[ 144.9993047627, -37.8054735564 ],
						[ 144.9992793459, -37.8052783553 ],
						[ 144.9993275393, -37.8050844048 ],
						[ 144.9993909825, -37.8050075749 ],
						[ 144.9998160225, -37.8044937873 ],
						[ 145.0000542398, -37.8043079332 ],
						[ 145.0003887636, -37.8041918832 ],
						[ 145.000911737, -37.8041423316 ],
						[ 145.0013586076, -37.8041840014 ],
						[ 145.001870855, -37.8043046867 ],
						[ 145.0028721015, -37.8047258181 ],
						[ 145.003382127, -37.8049292361 ],
						[ 145.003823762, -37.8051655774 ],
						[ 145.0040546336, -37.8052522678 ],
						[ 145.0044944618, -37.8053278911 ],
						[ 145.0048445047, -37.8053192146 ],
						[ 145.0051034512, -37.8052749093 ],
						[ 145.005809559, -37.8050336687 ],
						[ 145.0065485581, -37.8047102036 ],
						[ 145.0070966076, -37.8044127178 ],
						[ 145.0074526636, -37.8041801503 ],
						[ 145.0075535566, -37.8040796034 ],
						[ 145.0076755983, -37.8038771602 ],
						[ 145.0077178963, -37.8036733677 ],
						[ 145.0076932424, -37.8034489656 ],
						[ 145.0076115511, -37.8032917678 ],
						[ 145.007471528, -37.8031129375 ],
						[ 145.006905429, -37.8026943415 ],
						[ 145.0056715199, -37.8018063372 ],
						[ 145.0048612034, -37.8012690709 ],
						[ 145.0041802679, -37.8008048401 ],
						[ 145.0040014642, -37.8008138169 ],
						[ 145.0036628226, -37.8008317169 ],
						[ 145.0035765226, -37.8008362752 ],
						[ 145.003406931, -37.8008334752 ],
						[ 145.003273056, -37.8008276586 ],
						[ 145.0031255477, -37.8008166836 ],
						[ 145.0029786811, -37.8008012919 ],
						[ 145.0021754396, -37.8007294418 ],
						[ 145.0012381814, -37.8006376001 ],
						[ 144.9999415233, -37.8005105333 ],
						[ 144.9998092733, -37.8004975667 ],
						[ 144.9989870735, -37.8004169916 ],
						[ 144.9984461403, -37.8003639749 ],
						[ 144.9976016571, -37.8002811832 ],
						[ 144.9969944072, -37.8002220498 ],
						[ 144.9953798992, -37.800064783 ],
						[ 144.9949541992, -37.800023308 ],
						[ 144.994303241, -37.7999598913 ],
						[ 144.9929931329, -37.7998322328 ],
						[ 144.9928749412, -37.8005325412 ],
						[ 144.9928446579, -37.8007118828 ],
						[ 144.9928226828, -37.8008420828 ],
						[ 144.9927655828, -37.8011803245 ],
						[ 144.9927100495, -37.8015093995 ],
						[ 144.9926562911, -37.8018278745 ],
						[ 144.9925452494, -37.8024856995 ],
						[ 144.992515016, -37.8026697995 ],
						[ 144.992379941, -37.8034920828 ],
						[ 144.9922619076, -37.8042105912 ],
						[ 144.9921531825, -37.8048724995 ],
						[ 144.9921358742, -37.8049778828 ]
					]
				]
			},
			"properties" : {
				"zone_id" : 11,
				"zone" : "Area 39"
			}
		},
		{
			"type" : "Feature",
			"geometry" : {
				"type" : "Polygon",
				"coordinates" : [
					[
						[ 144.9931786798, -37.8284368664 ],
						[ 144.9931695131, -37.8285266664 ],
						[ 144.992912138, -37.8299858247 ],
						[ 144.9921845381, -37.8299089413 ],
						[ 144.9920530464, -37.8306736747 ],
						[ 144.9919282963, -37.831399258 ],
						[ 144.9917681879, -37.8323303663 ],
						[ 144.9916355385, -37.8332040137 ],
						[ 144.9916751598, -37.8332131426 ],
						[ 144.9917885671, -37.8332285226 ],
						[ 144.992602722, -37.8333019516 ],
						[ 144.992752544, -37.83331411 ],
						[ 144.9932913154, -37.8333617102 ],
						[ 144.9938500535, -37.8334768753 ],
						[ 144.9944157435, -37.8336036809 ],
						[ 144.9947421505, -37.8337129628 ],
						[ 144.9952577668, -37.8339003762 ],
						[ 144.9955551279, -37.8340091614 ],
						[ 144.995895699, -37.8341321267 ],
						[ 144.9960633305, -37.8342022074 ],
						[ 144.9962411647, -37.8342532537 ],
						[ 144.9964025216, -37.8342867323 ],
						[ 144.9964844104, -37.8343034922 ],
						[ 144.9966738785, -37.834326907 ],
						[ 144.996880295, -37.8343178412 ],
						[ 144.9978488884, -37.8341418017 ],
						[ 144.9983628883, -37.8340424018 ],
						[ 144.9988406959, -37.8339587422 ],
						[ 144.9996003981, -37.8338604119 ],
						[ 144.9997738325, -37.8338186309 ],
						[ 145.001074137, -37.8260198336 ],
						[ 144.9979340543, -37.8256726667 ],
						[ 144.997338821, -37.825606 ],
						[ 144.9967396795, -37.8255388833 ],
						[ 144.9965285545, -37.8255152416 ],
						[ 144.9961777296, -37.8254759332 ],
						[ 144.9956265297, -37.8254141915 ],
						[ 144.9952523048, -37.8253722582 ],
						[ 144.9950656131, -37.8253513498 ],
						[ 144.9945130716, -37.8252895165 ],
						[ 144.9941219966, -37.8252458081 ],
						[ 144.9939526133, -37.8252268664 ],
						[ 144.9933951801, -37.8251626414 ],
						[ 144.9928434385, -37.8250973497 ],
						[ 144.9925696386, -37.825064958 ],
						[ 144.9911701972, -37.8248981996 ],
						[ 144.9910684221, -37.8254878746 ],
						[ 144.9911816888, -37.8254811912 ],
						[ 144.9917693053, -37.8255503579 ],
						[ 144.9921727969, -37.8255978496 ],
						[ 144.9924347552, -37.8256286996 ],
						[ 144.9928731134, -37.825949658 ],
						[ 144.9930059717, -37.826065108 ],
						[ 144.9931305384, -37.8261862414 ],
						[ 144.99324643, -37.8263126747 ],
						[ 144.99336008, -37.826452933 ],
						[ 144.9934794133, -37.8266521247 ],
						[ 144.9934690966, -37.8266816414 ],
						[ 144.9931786798, -37.8284368664 ]
					],
					[
						[ 144.9966855591, -37.8258981261 ],
						[ 144.9973737952, -37.825977733 ],
						[ 144.9973187983, -37.8262911967 ],
						[ 144.9971406734, -37.8262719301 ],
						[ 144.9971318769, -37.8263219662 ],
						[ 144.996369396, -37.8262351902 ],
						[ 144.996426217, -37.8259232341 ],
						[ 144.9966395618, -37.8259475292 ],
						[ 144.9966502984, -37.825894574 ],
						[ 144.9966855591, -37.8258981261 ]
					]
				]
			},
			"properties" : {
				"zone_id" : 12,
				"zone" : "Area 11"
			}
		},
		{
			"type" : "Feature",
			"geometry" : {
				"type" : "Polygon",
				"coordinates" : [
					[
						[ 144.9882532857, -37.8279524083 ],
						[ 144.9881406266, -37.8285404401 ],
						[ 144.9881197797, -37.828649252 ],
						[ 144.9880450607, -37.8290392528 ],
						[ 144.9880197221, -37.8291715217 ],
						[ 144.9879249306, -37.829668841 ],
						[ 144.9881360489, -37.8297683127 ],
						[ 144.9882717262, -37.8298551452 ],
						[ 144.9884470413, -37.8299983572 ],
						[ 144.988631153, -37.8301743725 ],
						[ 144.9888171648, -37.8303696277 ],
						[ 144.9891989258, -37.8307583827 ],
						[ 144.9894983671, -37.8310573751 ],
						[ 144.9896373783, -37.8311999655 ],
						[ 144.9897378165, -37.8313361347 ],
						[ 144.990002592, -37.8316633455 ],
						[ 144.9900631835, -37.8317508148 ],
						[ 144.990110085, -37.831807318 ],
						[ 144.9901617757, -37.8318658237 ],
						[ 144.9903438642, -37.832116712 ],
						[ 144.9904134618, -37.8322293049 ],
						[ 144.990456693, -37.8323318438 ],
						[ 144.9905358693, -37.8324484417 ],
						[ 144.9907165816, -37.8326608905 ],
						[ 144.9909425583, -37.8329010022 ],
						[ 144.9910612479, -37.8329894624 ],
						[ 144.9912092983, -37.8330668989 ],
						[ 144.9914320775, -37.8331571348 ],
						[ 144.9916355385, -37.8332040137 ],
						[ 144.9917681879, -37.8323303663 ],
						[ 144.9919282963, -37.831399258 ],
						[ 144.9920530464, -37.8306736747 ],
						[ 144.9921845381, -37.8299089413 ],
						[ 144.992912138, -37.8299858247 ],
						[ 144.9931695131, -37.8285266664 ],
						[ 144.9931786798, -37.8284368664 ],
						[ 144.9934690966, -37.8266816414 ],
						[ 144.9934794133, -37.8266521247 ],
						[ 144.99336008, -37.826452933 ],
						[ 144.99324643, -37.8263126747 ],
						[ 144.9931305384, -37.8261862414 ],
						[ 144.9930059717, -37.826065108 ],
						[ 144.9928731134, -37.825949658 ],
						[ 144.9924347552, -37.8256286996 ],
						[ 144.9921727969, -37.8255978496 ],
						[ 144.9917693053, -37.8255503579 ],
						[ 144.9911816888, -37.8254811912 ],
						[ 144.9910684221, -37.8254878746 ],
						[ 144.9911701972, -37.8248981996 ],
						[ 144.9899021558, -37.8247414745 ],
						[ 144.9888502307, -37.8246112496 ],
						[ 144.988849506, -37.8246155661 ],
						[ 144.9887280001, -37.8252892927 ],
						[ 144.9882532857, -37.8279524083 ]
					]
				]
			},
			"properties" : {
				"zone_id" : 13,
				"zone" : "Area 10"
			}
		},
		{
			"type" : "Feature",
			"geometry" : {
				"type" : "Polygon",
				"coordinates" : [
					[
						[ 144.9939367304, -37.8219799831 ],
						[ 144.993829697, -37.8225806497 ],
						[ 144.9936918969, -37.8233590914 ],
						[ 144.9933951801, -37.8251626414 ],
						[ 144.9939526133, -37.8252268664 ],
						[ 144.9945130716, -37.8252895165 ],
						[ 144.9950656131, -37.8253513498 ],
						[ 144.9956265297, -37.8254141915 ],
						[ 144.9961777296, -37.8254759332 ],
						[ 144.9967396795, -37.8255388833 ],
						[ 144.997338821, -37.825606 ],
						[ 144.9979340543, -37.8256726667 ],
						[ 144.9980529793, -37.8250168167 ],
						[ 144.9981704294, -37.824368925 ],
						[ 144.9982580627, -37.8238816167 ],
						[ 144.9984941226, -37.8225155565 ],
						[ 144.9973347464, -37.8223818416 ],
						[ 144.9967760465, -37.8223157749 ],
						[ 144.9962048799, -37.8222482332 ],
						[ 144.99564758, -37.8221823248 ],
						[ 144.9950947301, -37.8221169498 ],
						[ 144.9945431719, -37.8220517164 ],
						[ 144.9939367304, -37.8219799831 ]
					]
				]
			},
			"properties" : {
				"zone_id" : 14,
				"zone" : "Area 9"
			}
		},
		{
			"type" : "Feature",
			"geometry" : {
				"type" : "Polygon",
				"coordinates" : [
					[
						[ 144.9933951801, -37.8251626414 ],
						[ 144.9936918969, -37.8233590914 ],
						[ 144.993829697, -37.8225806497 ],
						[ 144.9939367304, -37.8219799831 ],
						[ 144.9945431719, -37.8220517164 ],
						[ 144.9950947301, -37.8221169498 ],
						[ 144.99564758, -37.8221823248 ],
						[ 144.9962048799, -37.8222482332 ],
						[ 144.9967760465, -37.8223157749 ],
						[ 144.9973347464, -37.8223818416 ],
						[ 144.9984941226, -37.8225155565 ],
						[ 144.9986440212, -37.821648075 ],
						[ 144.9986822796, -37.8214265917 ],
						[ 144.998761738, -37.8209667667 ],
						[ 144.9988478963, -37.8204681751 ],
						[ 144.9989237464, -37.8200291417 ],
						[ 144.9989650881, -37.8197897751 ],
						[ 144.9989810547, -37.8196974584 ],
						[ 144.9990450214, -37.8193271917 ],
						[ 144.9991758881, -37.8185711917 ],
						[ 144.9989487965, -37.8185669417 ],
						[ 144.9981385217, -37.818469375 ],
						[ 144.9971047219, -37.8183448666 ],
						[ 144.9969046636, -37.8183207832 ],
						[ 144.9966554344, -37.8182912275 ],
						[ 144.996137872, -37.8182297832 ],
						[ 144.9958564731, -37.8181964761 ],
						[ 144.9954315151, -37.8181460766 ],
						[ 144.9950858056, -37.8181050748 ],
						[ 144.9946300057, -37.8180529331 ],
						[ 144.9940714641, -37.8179923247 ],
						[ 144.9934369142, -37.817922183 ],
						[ 144.992958506, -37.8178680163 ],
						[ 144.9923136478, -37.8177949996 ],
						[ 144.9917856895, -37.8177352079 ],
						[ 144.9909439647, -37.8176430495 ],
						[ 144.9900187315, -37.8175417328 ],
						[ 144.9900136232, -37.8176856578 ],
						[ 144.9899973232, -37.8177823328 ],
						[ 144.9899797482, -37.8178865661 ],
						[ 144.9898923148, -37.8184052744 ],
						[ 144.989730023, -37.8193679911 ],
						[ 144.9896989397, -37.8195533078 ],
						[ 144.9895776563, -37.8202763577 ],
						[ 144.9893483562, -37.8216433661 ],
						[ 144.9891553728, -37.8227938827 ],
						[ 144.9888502307, -37.8246112496 ],
						[ 144.9899021558, -37.8247414745 ],
						[ 144.9911701972, -37.8248981996 ],
						[ 144.9925696386, -37.825064958 ],
						[ 144.9928434385, -37.8250973497 ],
						[ 144.9933951801, -37.8251626414 ]
					]
				]
			},
			"properties" : {
				"zone_id" : 15,
				"zone" : "Area 6"
			}
		},
		{
			"type" : "Feature",
			"geometry" : {
				"type" : "Polygon",
				"coordinates" : [
					[
						[ 145.0094641855, -37.8269389675 ],
						[ 145.0094726688, -37.8268491175 ],
						[ 145.0095703188, -37.8263003925 ],
						[ 145.0099985357, -37.8238625758 ],
						[ 145.0100422857, -37.8236042258 ],
						[ 145.0099870441, -37.8235979425 ],
						[ 145.0101134524, -37.8228688842 ],
						[ 145.0102908942, -37.8218537258 ],
						[ 145.0106600444, -37.8197384342 ],
						[ 145.0100135028, -37.8196698925 ],
						[ 145.0098967278, -37.8196575008 ],
						[ 145.0082979448, -37.8194904507 ],
						[ 145.0073093366, -37.8193889423 ],
						[ 145.0065101701, -37.8193078172 ],
						[ 145.0056809369, -37.8192236255 ],
						[ 145.0052114704, -37.8191756755 ],
						[ 145.0025772459, -37.8188995336 ],
						[ 145.0023408292, -37.8188746503 ],
						[ 145.001779721, -37.8188157002 ],
						[ 145.0014494961, -37.8187810002 ],
						[ 145.0007704545, -37.8187112668 ],
						[ 145.0003349796, -37.8186667335 ],
						[ 144.9996779714, -37.8185995251 ],
						[ 144.9994030381, -37.8185714084 ],
						[ 144.9991758881, -37.8185711917 ],
						[ 144.9990450214, -37.8193271917 ],
						[ 144.9989810547, -37.8196974584 ],
						[ 144.9989650881, -37.8197897751 ],
						[ 144.9989237464, -37.8200291417 ],
						[ 144.9988478963, -37.8204681751 ],
						[ 144.998761738, -37.8209667667 ],
						[ 144.9986822796, -37.8214265917 ],
						[ 144.9986440212, -37.821648075 ],
						[ 144.9982580627, -37.8238816167 ],
						[ 144.9981704294, -37.824368925 ],
						[ 144.9980529793, -37.8250168167 ],
						[ 144.9979340543, -37.8256726667 ],
						[ 144.9984803542, -37.8257331251 ],
						[ 144.9995122206, -37.8258473085 ],
						[ 145.0002627205, -37.8259303418 ],
						[ 145.001074137, -37.8260198336 ],
						[ 145.0017305452, -37.8260920836 ],
						[ 145.0024481368, -37.826171067 ],
						[ 145.0031900783, -37.8262513337 ],
						[ 145.0039074032, -37.8263288254 ],
						[ 145.0054433279, -37.8264948505 ],
						[ 145.0070652359, -37.826670909 ],
						[ 145.0082659607, -37.8268030591 ],
						[ 145.0094641855, -37.8269389675 ]
					],
					[
						[ 145.003794704, -37.8190276504 ]
					]
				]
			},
			"properties" : {
				"zone_id" : 16,
				"zone" : "Area 7"
			}
		},
		{
			"type" : "Feature",
			"geometry" : {
				"type" : "Polygon",
				"coordinates" : [
					[
						[ 144.9913769321, -37.8095918411 ],
						[ 144.9913571738, -37.8097181078 ],
						[ 144.991335428, -37.8098427874 ],
						[ 144.9912365478, -37.8104096887 ],
						[ 144.9912015071, -37.8106105828 ],
						[ 144.9911447237, -37.8109330911 ],
						[ 144.9910899904, -37.8112439161 ],
						[ 144.9910223987, -37.8116278078 ],
						[ 144.9908842153, -37.8124125161 ],
						[ 144.9908632319, -37.8125316995 ],
						[ 144.9908050902, -37.8128619161 ],
						[ 144.9907794819, -37.8130073411 ],
						[ 144.9906846068, -37.8135460411 ],
						[ 144.9906466235, -37.8137618161 ],
						[ 144.9905845818, -37.8141141578 ],
						[ 144.9904626734, -37.8148064161 ],
						[ 144.99037259, -37.8153179744 ],
						[ 144.9910529982, -37.8154027828 ],
						[ 144.9916126981, -37.8154696995 ],
						[ 144.9917035815, -37.8149487745 ],
						[ 144.9938999894, -37.8152068247 ],
						[ 144.9950755225, -37.8153447914 ],
						[ 144.9957776724, -37.8154223831 ],
						[ 144.9964298973, -37.8154944165 ],
						[ 144.9971147888, -37.8155700582 ],
						[ 144.9973703138, -37.8155982833 ],
						[ 144.997931047, -37.8156602083 ],
						[ 144.9983088053, -37.815701925 ],
						[ 144.9994521801, -37.8158281834 ],
						[ 144.9996690217, -37.8158818667 ],
						[ 144.9997612551, -37.8153787917 ],
						[ 144.9998388134, -37.8149557167 ],
						[ 144.9999233468, -37.8144946918 ],
						[ 145.0000024218, -37.8140634584 ],
						[ 145.0000548135, -37.8137776918 ],
						[ 145.0000796302, -37.8136423668 ],
						[ 145.0001546969, -37.8132329084 ],
						[ 145.0002528219, -37.8126977584 ],
						[ 145.0004158053, -37.8118088501 ],
						[ 145.0004780554, -37.8114692418 ],
						[ 145.0005042137, -37.8113265834 ],
						[ 145.0005619387, -37.8110117751 ],
						[ 145.0006505638, -37.8105549168 ],
						[ 144.9994382973, -37.81043225 ],
						[ 144.9990793891, -37.8103959333 ],
						[ 144.9983746725, -37.810322625 ],
						[ 144.9980022893, -37.8102837666 ],
						[ 144.997774431, -37.8102599916 ],
						[ 144.9971757394, -37.8101975165 ],
						[ 144.9970265311, -37.8101819499 ],
						[ 144.9965770729, -37.8101350498 ],
						[ 144.9960461063, -37.8100796581 ],
						[ 144.995788323, -37.8100527498 ],
						[ 144.9952713648, -37.8099988081 ],
						[ 144.9945540316, -37.8099239414 ],
						[ 144.9938751567, -37.8098530913 ],
						[ 144.9937951317, -37.809844733 ],
						[ 144.9934456151, -37.8098082496 ],
						[ 144.9931524485, -37.8097776496 ],
						[ 144.9928573819, -37.8097468579 ],
						[ 144.9913769321, -37.8095918411 ]
					]
				]
			},
			"properties" : {
				"zone_id" : 17,
				"zone" : "Area 1"
			}
		},
		{
			"type" : "Feature",
			"geometry" : {
				"type" : "Polygon",
				"coordinates" : [
					[
						[ 144.99037259, -37.8153179744 ],
						[ 144.9902906983, -37.8157830244 ],
						[ 144.99020739, -37.8162560744 ],
						[ 144.9901037712, -37.8168444691 ],
						[ 144.9900265183, -37.8173220319 ],
						[ 144.9900187315, -37.8175417328 ],
						[ 144.9909439647, -37.8176430495 ],
						[ 144.9917856895, -37.8177352079 ],
						[ 144.9923136478, -37.8177949996 ],
						[ 144.9934369142, -37.817922183 ],
						[ 144.9940714641, -37.8179923247 ],
						[ 144.9946300057, -37.8180529331 ],
						[ 144.9950858056, -37.8181050748 ],
						[ 144.9969046636, -37.8183207832 ],
						[ 144.9971047219, -37.8183448666 ],
						[ 144.9981385217, -37.818469375 ],
						[ 144.9989487965, -37.8185669417 ],
						[ 144.9991758881, -37.8185711917 ],
						[ 144.99950113, -37.8167975001 ],
						[ 144.9996690217, -37.8158818667 ],
						[ 144.9994521801, -37.8158281834 ],
						[ 144.9983088053, -37.815701925 ],
						[ 144.997931047, -37.8156602083 ],
						[ 144.9973703138, -37.8155982833 ],
						[ 144.9971147888, -37.8155700582 ],
						[ 144.9964298973, -37.8154944165 ],
						[ 144.9957776724, -37.8154223831 ],
						[ 144.9950755225, -37.8153447914 ],
						[ 144.9938999894, -37.8152068247 ],
						[ 144.9917035815, -37.8149487745 ],
						[ 144.9916126981, -37.8154696995 ],
						[ 144.9910529982, -37.8154027828 ],
						[ 144.99037259, -37.8153179744 ]
					]
				]
			},
			"properties" : {
				"zone_id" : 18,
				"zone" : "Area 4"
			}
		},
		{
			"type" : "Feature",
			"geometry" : {
				"type" : "Polygon",
				"coordinates" : [
					[
						[ 144.9996690217, -37.8158818667 ],
						[ 144.99950113, -37.8167975001 ],
						[ 144.9991758881, -37.8185711917 ],
						[ 144.9994030381, -37.8185714084 ],
						[ 144.9996779714, -37.8185995251 ],
						[ 145.0003349796, -37.8186667335 ],
						[ 145.0007704545, -37.8187112668 ],
						[ 145.0014494961, -37.8187810002 ],
						[ 145.001779721, -37.8188157002 ],
						[ 145.0025772459, -37.8188995336 ],
						[ 145.003794704, -37.8190276504 ],
						[ 145.0052114704, -37.8191756755 ],
						[ 145.0056809369, -37.8192236255 ],
						[ 145.0065101701, -37.8193078172 ],
						[ 145.0073093366, -37.8193889423 ],
						[ 145.0082979448, -37.8194904507 ],
						[ 145.0083986948, -37.818930759 ],
						[ 145.0085813616, -37.8178621674 ],
						[ 145.0084693783, -37.8178471007 ],
						[ 145.0081658033, -37.8178159757 ],
						[ 145.0078109951, -37.8177795923 ],
						[ 145.0071489285, -37.8177116923 ],
						[ 145.0073254869, -37.8167294589 ],
						[ 145.0056868789, -37.8165544672 ],
						[ 145.0050038624, -37.8164815171 ],
						[ 145.0042433375, -37.8164002921 ],
						[ 145.0031191127, -37.8162802003 ],
						[ 145.0019661796, -37.8161570252 ],
						[ 145.0013307214, -37.8160891419 ],
						[ 144.99988613, -37.8159347918 ],
						[ 144.9996690217, -37.8158818667 ]
					]
				]
			},
			"properties" : {
				"zone_id" : 19,
				"zone" : "Area 5"
			}
		},
		{
			"type" : "Feature",
			"geometry" : {
				"type" : "Polygon",
				"coordinates" : [
					[
						[ 145.0006505638, -37.8105549168 ],
						[ 145.0005619387, -37.8110117751 ],
						[ 145.0004780554, -37.8114692418 ],
						[ 145.0004158053, -37.8118088501 ],
						[ 145.0002528219, -37.8126977584 ],
						[ 145.0001546969, -37.8132329084 ],
						[ 145.0000796302, -37.8136423668 ],
						[ 145.0000548135, -37.8137776918 ],
						[ 145.0000024218, -37.8140634584 ],
						[ 144.9999233468, -37.8144946918 ],
						[ 144.9998388134, -37.8149557167 ],
						[ 144.9997612551, -37.8153787917 ],
						[ 144.9996690217, -37.8158818667 ],
						[ 144.99988613, -37.8159347918 ],
						[ 145.0013307214, -37.8160891419 ],
						[ 145.0019661796, -37.8161570252 ],
						[ 145.0031191127, -37.8162802003 ],
						[ 145.0042433375, -37.8164002921 ],
						[ 145.0050038624, -37.8164815171 ],
						[ 145.0056868789, -37.8165544672 ],
						[ 145.0073254869, -37.8167294589 ],
						[ 145.0071489285, -37.8177116923 ],
						[ 145.0078109951, -37.8177795923 ],
						[ 145.0081658033, -37.8178159757 ],
						[ 145.0084693783, -37.8178471007 ],
						[ 145.0085813616, -37.8178621674 ],
						[ 145.0086735033, -37.817320484 ],
						[ 145.008723845, -37.8170244174 ],
						[ 145.0087761033, -37.8168843674 ],
						[ 145.0088208367, -37.816764459 ],
						[ 145.0088984367, -37.816340634 ],
						[ 145.0089578117, -37.8160068757 ],
						[ 145.0090521618, -37.8154725924 ],
						[ 145.0090777201, -37.8153271174 ],
						[ 145.0092057868, -37.8145981091 ],
						[ 145.0092288452, -37.8144669257 ],
						[ 145.0096914204, -37.8119169924 ],
						[ 145.0097796621, -37.8114287841 ],
						[ 145.0096627121, -37.8114423591 ],
						[ 145.0088611206, -37.8113639673 ],
						[ 145.008486204, -37.811327309 ],
						[ 145.0073720875, -37.8112183422 ],
						[ 145.0072403709, -37.8112054672 ],
						[ 145.0070986959, -37.8111916089 ],
						[ 145.006424021, -37.8111256088 ],
						[ 145.0062900794, -37.8111125172 ],
						[ 145.0059522795, -37.8110794755 ],
						[ 145.0054795712, -37.8110332421 ],
						[ 145.0051243963, -37.8109984838 ],
						[ 145.0047054464, -37.8109575087 ],
						[ 145.0044344964, -37.8109310004 ],
						[ 145.0042477964, -37.8109127337 ],
						[ 145.0041350965, -37.8109017087 ],
						[ 145.0040223881, -37.8108906837 ],
						[ 145.0034130966, -37.810831067 ],
						[ 145.0032172133, -37.8108119086 ],
						[ 145.0029663967, -37.8107873003 ],
						[ 145.0023415301, -37.8107260002 ],
						[ 145.0016607719, -37.8106571252 ],
						[ 145.0015380719, -37.8106447168 ],
						[ 145.001446797, -37.8106354835 ],
						[ 145.0006505638, -37.8105549168 ]
					]
				]
			},
			"properties" : {
				"zone_id" : 20,
				"zone" : "Area 2"
			}
		},
		{
			"type" : "Feature",
			"geometry" : {
				"type" : "Polygon",
				"coordinates" : [
					[
						[ 144.9695233135, -37.7856066478 ],
						[ 144.9695393451, -37.7855122291 ],
						[ 144.9697414986, -37.7843215695 ],
						[ 144.9699388587, -37.7830637695 ],
						[ 144.970051557, -37.7823514744 ],
						[ 144.9701373689, -37.7818055195 ],
						[ 144.9701518789, -37.7817135495 ],
						[ 144.9703058089, -37.7807257995 ],
						[ 144.970327679, -37.7805854695 ],
						[ 144.9705317474, -37.7792759562 ],
						[ 144.9697715475, -37.7791859395 ],
						[ 144.969008956, -37.7790956227 ],
						[ 144.9684309764, -37.7790354656 ],
						[ 144.9677018706, -37.7789383739 ],
						[ 144.9659924768, -37.7787277909 ],
						[ 144.9646178824, -37.7785618261 ],
						[ 144.9614793383, -37.7781828869 ],
						[ 144.961586087, -37.7782579665 ],
						[ 144.9618915775, -37.7784723986 ],
						[ 144.9620276328, -37.7785676199 ],
						[ 144.9620888531, -37.7786106413 ],
						[ 144.9621483032, -37.7786550078 ],
						[ 144.9621941193, -37.7786908836 ],
						[ 144.9622483529, -37.7787358478 ],
						[ 144.9622940559, -37.778775849 ],
						[ 144.9623254916, -37.7788079462 ],
						[ 144.9623784185, -37.778859857 ],
						[ 144.9624356831, -37.7789206953 ],
						[ 144.9624851514, -37.7789813987 ],
						[ 144.9625221117, -37.7790295387 ],
						[ 144.9625968955, -37.7791391671 ],
						[ 144.9626438767, -37.779218137 ],
						[ 144.9626797447, -37.7792872519 ],
						[ 144.9627056914, -37.7793433411 ],
						[ 144.9627298017, -37.7793995616 ],
						[ 144.9627472943, -37.7794465467 ],
						[ 144.9627645925, -37.7794970563 ],
						[ 144.96278628, -37.7795701974 ],
						[ 144.9628069442, -37.7796628565 ],
						[ 144.9628132246, -37.779694618 ],
						[ 144.9628269403, -37.7797933639 ],
						[ 144.9628319403, -37.7798293611 ],
						[ 144.9628370754, -37.7798756497 ],
						[ 144.9628409403, -37.7799307909 ],
						[ 144.9628419403, -37.7799909894 ],
						[ 144.9628419403, -37.7800240551 ],
						[ 144.9628400123, -37.7800614073 ],
						[ 144.962838007, -37.7801002557 ],
						[ 144.9628369278, -37.7801119141 ],
						[ 144.9628077967, -37.7804266182 ],
						[ 144.9627786652, -37.7807413223 ],
						[ 144.9627781694, -37.7808012057 ],
						[ 144.9627776736, -37.780861089 ],
						[ 144.9627823736, -37.7809202307 ],
						[ 144.9627870735, -37.7809793723 ],
						[ 144.962794161, -37.7810245557 ],
						[ 144.9628012485, -37.781069739 ],
						[ 144.9628151444, -37.7811285973 ],
						[ 144.9628290402, -37.7811874557 ],
						[ 144.9628478869, -37.7812448375 ],
						[ 144.9628667336, -37.7813022194 ],
						[ 144.9628809457, -37.781336948 ],
						[ 144.9628947555, -37.7813704696 ],
						[ 144.9629022818, -37.781388739 ],
						[ 144.9629300526, -37.781444414 ],
						[ 144.9629578235, -37.781500089 ],
						[ 144.962989928, -37.7815532834 ],
						[ 144.9630245247, -37.7816102159 ],
						[ 144.9630560489, -37.7816542828 ],
						[ 144.9630875731, -37.7816983498 ],
						[ 144.9631001901, -37.7817155058 ],
						[ 144.9631284705, -37.7817499533 ],
						[ 144.9631557568, -37.7817831899 ],
						[ 144.963204265, -37.7818356015 ],
						[ 144.9632569276, -37.7818908281 ],
						[ 144.9632986876, -37.7819295248 ],
						[ 144.9633404352, -37.7819682105 ],
						[ 144.9633544211, -37.7819803201 ],
						[ 144.9634038472, -37.7820201504 ],
						[ 144.9634532733, -37.7820599807 ],
						[ 144.963495365, -37.7820899974 ],
						[ 144.9635400601, -37.7821216836 ],
						[ 144.9635619416, -37.7821357155 ],
						[ 144.9635898904, -37.7821536382 ],
						[ 144.9636178392, -37.7821715609 ],
						[ 144.963628066, -37.7821779231 ],
						[ 144.9636746368, -37.7822042346 ],
						[ 144.9637212076, -37.7822305461 ],
						[ 144.9637354703, -37.7822386042 ],
						[ 144.9637518635, -37.7822474633 ],
						[ 144.9638570793, -37.7822989088 ],
						[ 144.9640133571, -37.7823639302 ],
						[ 144.9640049065, -37.7824167308 ],
						[ 144.9637951647, -37.7837272141 ],
						[ 144.9635929184, -37.7849909406 ],
						[ 144.9649684015, -37.7851335679 ],
						[ 144.9664526803, -37.7852874766 ],
						[ 144.967995834, -37.7854474901 ],
						[ 144.9687649167, -37.7855272383 ],
						[ 144.9695233135, -37.7856066478 ]
					]
				]
			},
			"properties" : {
				"zone_id" : 21,
				"zone" : "Area 31"
			}
		},
		{
			"type" : "Feature",
			"geometry" : {
				"type" : "Polygon",
				"coordinates" : [
					[
						[ 144.9705317474, -37.7792759562 ],
						[ 144.970327679, -37.7805854695 ],
						[ 144.9703058089, -37.7807257995 ],
						[ 144.9701518789, -37.7817135495 ],
						[ 144.9701373689, -37.7818055195 ],
						[ 144.970051557, -37.7823514744 ],
						[ 144.9699388587, -37.7830637695 ],
						[ 144.9697414986, -37.7843215695 ],
						[ 144.9695393451, -37.7855122291 ],
						[ 144.9695233135, -37.7856066478 ],
						[ 144.9695060469, -37.7857082895 ],
						[ 144.9695060465, -37.7857082916 ],
						[ 144.9695060585, -37.7857082895 ],
						[ 144.9709877693, -37.7858685846 ],
						[ 144.9724702452, -37.7860289433 ],
						[ 144.9736621014, -37.7861578518 ],
						[ 144.9748495152, -37.7862862674 ],
						[ 144.9758705654, -37.7863966814 ],
						[ 144.9763823177, -37.7864520176 ],
						[ 144.9769500185, -37.7865134009 ],
						[ 144.9769500205, -37.78651339 ],
						[ 144.9770339039, -37.7860760233 ],
						[ 144.9772108706, -37.78513724 ],
						[ 144.9776633541, -37.7826316567 ],
						[ 144.9778896619, -37.7814130073 ],
						[ 144.9779527209, -37.7810734317 ],
						[ 144.978116946, -37.78019499 ],
						[ 144.9769133295, -37.780048615 ],
						[ 144.9758892547, -37.7799240815 ],
						[ 144.9746968216, -37.7797790481 ],
						[ 144.9735037052, -37.7796341231 ],
						[ 144.9720271638, -37.7794562313 ],
						[ 144.9705317474, -37.7792759562 ]
					]
				]
			},
			"properties" : {
				"zone_id" : 22,
				"zone" : "Area 30"
			}
		},
		{
			"type" : "Feature",
			"geometry" : {
				"type" : "Polygon",
				"coordinates" : [
					[
						[ 144.9695060465, -37.7857082916 ],
						[ 144.9692394301, -37.7872785978 ],
						[ 144.9691474467, -37.7878202895 ],
						[ 144.9690318133, -37.7885013811 ],
						[ 144.9688748299, -37.7894257645 ],
						[ 144.9686351965, -37.7908370478 ],
						[ 144.9683957547, -37.7922470145 ],
						[ 144.9698769377, -37.7924065562 ],
						[ 144.9713548625, -37.792565723 ],
						[ 144.973737362, -37.7928210232 ],
						[ 144.9747614285, -37.7929308982 ],
						[ 144.9757214533, -37.793033915 ],
						[ 144.9757463117, -37.7929012816 ],
						[ 144.9759823868, -37.79164144 ],
						[ 144.9762531119, -37.7902219233 ],
						[ 144.9764272036, -37.789287965 ],
						[ 144.9766576287, -37.78806759 ],
						[ 144.9767743954, -37.787449115 ],
						[ 144.9768936288, -37.7868194817 ],
						[ 144.9769500185, -37.7865134009 ],
						[ 144.9763823177, -37.7864520176 ],
						[ 144.9758705654, -37.7863966814 ],
						[ 144.9748495152, -37.7862862674 ],
						[ 144.9736621014, -37.7861578518 ],
						[ 144.9724702452, -37.7860289433 ],
						[ 144.9709877693, -37.7858685846 ],
						[ 144.9695060585, -37.7857082895 ],
						[ 144.9695060465, -37.7857082916 ]
					]
				]
			},
			"properties" : {
				"zone_id" : 23,
				"zone" : "Area 29"
			}
		},
		{
			"type" : "Feature",
			"geometry" : {
				"type" : "Polygon",
				"coordinates" : [
					[
						[ 144.996426217, -37.8259232341 ],
						[ 144.996369396, -37.8262351902 ],
						[ 144.9971318769, -37.8263219662 ],
						[ 144.9971406734, -37.8262719301 ],
						[ 144.9973187983, -37.8262911967 ],
						[ 144.9973737952, -37.825977733 ],
						[ 144.9966855591, -37.8258981261 ],
						[ 144.9966502984, -37.825894574 ],
						[ 144.9966395618, -37.8259475292 ],
						[ 144.996426217, -37.8259232341 ]
					]
				]
			},
			"properties" : {
				"zone_id" : 24,
				"zone" : "Area 25"
			}
		}
	]
}